weekid,season,date,week,away,vs,home,win,offense,offense_points,offense_yards_total,offense_pass_yards,offense_pass_attempts,offense_rush_yards,offense_rush_attempts,offense_interceptions,offense_fumbles,offense_sacks,offense_touchdowns,defense_points,defense_yards_total,defense_pass_yards,defense_pass_attempts,defense_rush_yards,defense_rush_attempts,defense_interceptions,defense_fumbles,defense_sacks,defense_touchdowns
1,2022,2022-09-08,1,BUF,@,LA,1,Buffalo Bills,31,413,292,31,121,19,2,2,2,4,10,243,192,42,51,17,3,1,6,1
1,2022,2022-09-08,1,BUF,@,LA,0,Los Angeles Rams,10,243,192,42,51,17,3,1,6,1,31,413,292,31,121,19,2,2,2,4
1,2022,2022-09-11,1,BAL,@,NYJ,1,Baltimore Ravens,24,274,211,31,63,19,1,1,2,3,9,380,286,61,94,18,1,2,5,2
1,2022,2022-09-11,1,BAL,@,NYJ,0,New York Jets,9,380,286,61,94,18,1,2,5,2,24,274,211,31,63,19,1,1,2,3
1,2022,2022-09-11,1,CLE,@,CAR,1,Cleveland Browns,26,355,107,37,248,37,1,1,1,2,24,261,204,30,57,14,1,5,3,3
1,2022,2022-09-11,1,CLE,@,CAR,0,Carolina Panthers,24,261,204,30,57,14,1,5,3,3,26,355,107,37,248,37,1,1,1,2
1,2022,2022-09-11,1,GB,0,MIN,1,Minnesota Vikings,23,395,272,33,123,28,0,0,1,2,7,338,229,38,109,17,1,1,3,1
1,2022,2022-09-11,1,GB,0,MIN,0,Green Bay Packers,7,338,229,38,109,17,1,1,3,1,23,395,272,33,123,28,0,0,1,2
1,2022,2022-09-11,1,IND,0,HOU,0,Houston Texans,20,299,221,39,78,26,0,0,2,2,20,517,335,52,182,34,1,4,1,2
1,2022,2022-09-11,1,IND,0,HOU,1,Indianapolis Colts,20,517,335,52,182,34,1,4,1,2,20,299,221,39,78,26,0,0,2,2
1,2022,2022-09-11,1,JAX,0,WAS,1,Washington Commanders,28,390,305,46,85,22,3,3,1,4,22,383,262,45,121,20,1,1,3,2
1,2022,2022-09-11,1,JAX,0,WAS,0,Jacksonville Jaguars,22,383,262,45,121,20,1,1,3,2,28,390,305,46,85,22,3,3,1,4
1,2022,2022-09-11,1,KC,@,ARI,1,Kansas City Chiefs,44,488,360,42,128,24,0,0,0,6,21,282,190,38,92,17,0,4,3,3
1,2022,2022-09-11,1,KC,@,ARI,0,Arizona Cardinals,21,282,190,38,92,17,0,4,3,3,44,488,360,42,128,24,0,0,0,6
1,2022,2022-09-11,1,LV,0,LAC,1,Los Angeles Chargers,24,355,279,34,76,28,0,0,0,3,19,320,257,37,63,13,3,3,4,2
1,2022,2022-09-11,1,LV,0,LAC,0,Las Vegas Raiders,19,320,257,37,63,13,3,3,4,2,24,355,279,34,76,28,0,0,0,3
1,2022,2022-09-11,1,NE,0,MIA,1,Miami Dolphins,20,307,241,33,66,22,0,0,2,1,7,271,197,32,74,20,1,2,1,2
1,2022,2022-09-11,1,NE,0,MIA,0,New England Patriots,7,271,197,32,74,20,1,2,1,2,20,307,241,33,66,22,0,0,2,1
1,2022,2022-09-11,1,NO,@,ATL,1,New Orleans Saints,27,385,234,33,151,18,0,0,4,3,26,416,215,34,201,34,0,3,0,2
1,2022,2022-09-11,1,NO,@,ATL,0,Atlanta Falcons,26,416,215,34,201,34,0,3,0,2,27,385,234,33,151,18,0,0,4,3
1,2022,2022-09-11,1,NYG,@,TEN,1,New York Giants,21,394,163,22,231,28,1,1,4,3,20,359,255,36,104,25,0,1,1,2
1,2022,2022-09-11,1,NYG,@,TEN,0,Tennessee Titans,20,359,255,36,104,25,0,1,1,2,21,394,163,22,231,28,1,1,4,3
1,2022,2022-09-11,1,PHI,@,DET,1,Philadelphia Eagles,38,455,239,34,216,28,0,0,1,5,35,386,205,39,181,27,1,1,0,5
1,2022,2022-09-11,1,PHI,@,DET,0,Detroit Lions,35,386,205,39,181,27,1,1,0,5,38,455,239,34,216,28,0,0,1,5
1,2022,2022-09-11,1,PIT,@,CIN,1,Pittsburgh Steelers,23,267,192,38,75,19,0,0,1,2,20,432,288,57,144,29,5,2,6,2
1,2022,2022-09-11,1,PIT,@,CIN,0,Cincinnati Bengals,20,432,288,57,144,29,5,2,6,2,23,267,192,38,75,19,0,0,1,2
1,2022,2022-09-11,1,SF,0,CHI,1,Chicago Bears,19,204,105,18,99,31,1,1,2,3,10,331,155,30,176,32,1,2,2,1
1,2022,2022-09-11,1,SF,0,CHI,0,San Francisco 49ers,10,331,155,30,176,32,1,2,2,1,19,204,105,18,99,31,1,1,2,3
1,2022,2022-09-11,1,TB,@,DAL,1,Tampa Bay Buccaneers,19,347,195,27,152,31,1,1,2,1,3,244,166,45,78,17,1,0,5,0
1,2022,2022-09-11,1,TB,@,DAL,0,Dallas Cowboys,3,244,166,45,78,17,1,0,5,0,19,347,195,27,152,31,1,1,2,1
1,2022,2022-09-12,1,DEN,0,SEA,1,Seattle Seahawks,17,253,177,32,76,16,0,0,1,2,16,433,330,44,103,19,0,2,2,1
1,2022,2022-09-12,1,DEN,0,SEA,0,Denver Broncos,16,433,330,44,103,19,0,2,2,1,17,253,177,32,76,16,0,0,1,2
2,2022,2022-09-15,2,LAC,0,KC,1,Kansas City Chiefs,27,319,199,38,120,16,2,2,1,3,24,401,326,49,75,23,1,0,2,3
2,2022,2022-09-15,2,LAC,0,KC,0,Los Angeles Chargers,24,401,326,49,75,23,1,0,2,3,27,319,199,38,120,16,2,2,1,3
2,2022,2022-09-18,2,ARI,@,LV,1,Arizona Cardinals,29,413,262,53,151,26,2,2,3,4,23,324,245,42,79,23,0,2,1,3
2,2022,2022-09-18,2,ARI,@,LV,0,Las Vegas Raiders,23,324,245,42,79,23,0,2,1,3,29,413,262,53,151,26,2,2,3,4
2,2022,2022-09-18,2,ATL,0,LA,1,Los Angeles Rams,31,337,275,36,62,26,2,2,1,5,27,261,179,28,82,25,3,3,2,2
2,2022,2022-09-18,2,ATL,0,LA,0,Atlanta Falcons,27,261,179,28,82,25,3,3,2,2,31,337,275,36,62,26,2,2,1,5
2,2022,2022-09-18,2,CAR,0,NYG,1,New York Giants,19,265,162,36,103,24,0,0,3,1,16,275,129,33,146,18,0,2,2,1
2,2022,2022-09-18,2,CAR,0,NYG,0,Carolina Panthers,16,275,129,33,146,18,0,2,2,1,19,265,162,36,103,24,0,0,3,1
2,2022,2022-09-18,2,CHI,0,GB,1,Green Bay Packers,27,414,211,26,203,35,0,0,3,3,10,228,48,11,180,24,1,1,3,2
2,2022,2022-09-18,2,CHI,0,GB,0,Chicago Bears,10,228,48,11,180,24,1,1,3,2,27,414,211,26,203,35,0,0,3,3
2,2022,2022-09-18,2,CIN,0,DAL,1,Dallas Cowboys,20,337,231,32,106,26,0,0,1,3,17,254,165,36,89,22,0,1,5,1
2,2022,2022-09-18,2,CIN,0,DAL,0,Cincinnati Bengals,17,254,165,36,89,22,0,1,5,1,20,337,231,32,106,26,0,0,1,3
2,2022,2022-09-18,2,HOU,0,DEN,1,Denver Broncos,16,350,199,36,151,30,1,1,4,2,9,234,154,39,80,18,0,2,1,0
2,2022,2022-09-18,2,HOU,0,DEN,0,Houston Texans,9,234,154,39,80,18,0,2,1,0,16,350,199,36,151,30,1,1,4,2
2,2022,2022-09-18,2,IND,0,JAX,1,Jacksonville Jaguars,24,331,237,32,94,38,0,0,0,3,0,218,160,31,58,14,3,1,4,0
2,2022,2022-09-18,2,IND,0,JAX,0,Indianapolis Colts,0,218,160,31,58,14,3,1,4,0,24,331,237,32,94,38,0,0,0,3
2,2022,2022-09-18,2,MIA,@,BAL,1,Miami Dolphins,42,547,461,51,86,18,2,2,1,7,38,473,319,32,154,23,0,1,0,6
2,2022,2022-09-18,2,MIA,@,BAL,0,Baltimore Ravens,38,473,319,32,154,23,0,1,0,6,42,547,461,51,86,18,2,2,1,7
2,2022,2022-09-18,2,NE,@,PIT,1,New England Patriots,17,376,252,37,124,25,1,1,0,2,14,243,154,33,89,21,1,1,3,2
2,2022,2022-09-18,2,NE,@,PIT,0,Pittsburgh Steelers,14,243,154,33,89,21,1,1,3,2,17,376,252,37,124,25,1,1,0,2
2,2022,2022-09-18,2,NYJ,@,CLE,1,New York Jets,31,402,310,47,92,20,0,0,1,4,30,405,227,28,178,33,1,0,1,5
2,2022,2022-09-18,2,NYJ,@,CLE,0,Cleveland Browns,30,405,227,28,178,33,1,0,1,5,31,402,310,47,92,20,0,0,1,4
2,2022,2022-09-18,2,SEA,0,SF,1,San Francisco 49ers,27,373,184,28,189,46,0,0,1,4,7,216,169,33,47,13,3,0,2,0
2,2022,2022-09-18,2,SEA,0,SF,0,Seattle Seahawks,7,216,169,33,47,13,3,0,2,0,27,373,184,28,189,46,0,0,1,4
2,2022,2022-09-18,2,TB,@,NO,1,Tampa Bay Buccaneers,20,260,188,36,72,27,0,0,1,2,10,308,208,42,100,19,3,4,5,1
2,2022,2022-09-18,2,TB,@,NO,0,New Orleans Saints,10,308,208,42,100,19,3,4,5,1,20,260,188,36,72,27,0,0,1,2
2,2022,2022-09-18,2,WAS,0,DET,1,Detroit Lions,36,425,234,34,191,20,0,0,3,4,27,396,304,46,92,19,1,1,4,4
2,2022,2022-09-18,2,WAS,0,DET,0,Washington Commanders,27,396,304,46,92,19,1,1,4,4,36,425,234,34,191,20,0,0,3,4
2,2022,2022-09-19,2,MIN,0,PHI,1,Philadelphia Eagles,24,486,323,36,163,29,1,1,3,3,7,264,198,47,66,9,3,1,2,1
2,2022,2022-09-19,2,MIN,0,PHI,0,Minnesota Vikings,7,264,198,47,66,9,3,1,2,1,24,486,323,36,163,29,1,1,3,3
2,2022,2022-09-19,2,TEN,0,BUF,1,Buffalo Bills,41,414,313,43,101,21,0,0,1,5,7,187,107,26,80,26,2,1,2,1
2,2022,2022-09-19,2,TEN,0,BUF,0,Tennessee Titans,7,187,107,26,80,26,2,1,2,1,41,414,313,43,101,21,0,0,1,5
3,2022,2022-09-22,3,PIT,0,CLE,1,Cleveland Browns,29,376,208,31,168,38,0,0,2,3,17,308,214,36,94,22,0,2,1,3
3,2022,2022-09-22,3,PIT,0,CLE,0,Pittsburgh Steelers,17,308,214,36,94,22,0,2,1,3,29,376,208,31,168,38,0,0,2,3
3,2022,2022-09-25,3,ATL,@,SEA,1,Atlanta Falcons,27,386,207,23,179,26,1,1,2,3,23,420,308,45,112,24,1,0,2,2
3,2022,2022-09-25,3,ATL,@,SEA,0,Seattle Seahawks,23,420,308,45,112,24,1,0,2,2,27,386,207,23,179,26,1,1,2,3
3,2022,2022-09-25,3,BAL,@,NE,1,Baltimore Ravens,37,394,206,29,188,22,1,1,4,5,26,447,300,33,147,24,3,2,3,3
3,2022,2022-09-25,3,BAL,@,NE,0,New England Patriots,26,447,300,33,147,24,3,2,3,3,37,394,206,29,188,22,1,1,4,5
3,2022,2022-09-25,3,BUF,0,MIA,1,Miami Dolphins,21,212,171,23,41,18,0,0,2,3,19,497,382,63,115,18,0,3,2,2
3,2022,2022-09-25,3,BUF,0,MIA,0,Buffalo Bills,19,497,382,63,115,18,0,3,2,2,21,212,171,23,41,18,0,0,2,3
3,2022,2022-09-25,3,CIN,@,NYJ,1,Cincinnati Bengals,27,330,261,38,69,25,0,0,2,4,12,328,253,54,75,20,2,4,1,0
3,2022,2022-09-25,3,CIN,@,NYJ,0,New York Jets,12,328,253,54,75,20,2,4,1,0,27,330,261,38,69,25,0,0,2,4
3,2022,2022-09-25,3,DET,0,MIN,1,Minnesota Vikings,28,373,250,45,123,24,0,0,1,4,24,416,277,42,139,33,1,0,0,3
3,2022,2022-09-25,3,DET,0,MIN,0,Detroit Lions,24,416,277,42,139,33,1,0,0,3,28,373,250,45,123,24,0,0,1,4
3,2022,2022-09-25,3,GB,@,TB,1,Green Bay Packers,14,315,250,36,65,24,2,2,1,2,12,285,252,45,33,13,0,3,3,1
3,2022,2022-09-25,3,GB,@,TB,0,Tampa Bay Buccaneers,12,285,252,45,33,13,0,3,3,1,14,315,250,36,65,24,2,2,1,2
3,2022,2022-09-25,3,HOU,0,CHI,1,Chicago Bears,23,363,82,18,281,31,2,2,5,2,20,329,237,34,92,24,2,2,1,2
3,2022,2022-09-25,3,HOU,0,CHI,0,Houston Texans,20,329,237,34,92,24,2,2,1,2,23,363,82,18,281,31,2,2,5,2
3,2022,2022-09-25,3,JAX,@,LAC,1,Jacksonville Jaguars,38,413,273,39,140,32,0,0,0,5,10,312,288,48,24,11,1,1,0,1
3,2022,2022-09-25,3,JAX,@,LAC,0,Los Angeles Chargers,10,312,288,48,24,11,1,1,0,1,38,413,273,39,140,32,0,0,0,5
3,2022,2022-09-25,3,KC,0,IND,1,Indianapolis Colts,20,259,174,39,85,25,0,0,3,2,17,315,257,39,58,19,1,0,1,2
3,2022,2022-09-25,3,KC,0,IND,0,Kansas City Chiefs,17,315,257,39,58,19,1,0,1,2,20,259,174,39,85,25,0,0,3,2
3,2022,2022-09-25,3,LA,@,ARI,1,Los Angeles Rams,20,339,239,25,100,19,0,0,1,2,12,365,287,59,78,19,0,1,2,0
3,2022,2022-09-25,3,LA,@,ARI,0,Arizona Cardinals,12,365,287,59,78,19,0,1,2,0,20,339,239,25,100,19,0,0,1,2
3,2022,2022-09-25,3,LV,0,TEN,1,Tennessee Titans,24,361,253,29,108,25,1,1,0,3,22,396,300,49,96,17,1,1,1,2
3,2022,2022-09-25,3,LV,0,TEN,0,Las Vegas Raiders,22,396,300,49,96,17,1,1,1,2,24,361,253,29,108,25,1,1,0,3
3,2022,2022-09-25,3,NO,0,CAR,1,Carolina Panthers,22,293,148,25,145,31,0,0,3,1,14,426,342,45,84,21,2,3,1,3
3,2022,2022-09-25,3,NO,0,CAR,0,New Orleans Saints,14,426,342,45,84,21,2,3,1,3,22,293,148,25,145,31,0,0,3,1
3,2022,2022-09-25,3,PHI,@,WAS,1,Philadelphia Eagles,24,400,328,37,72,25,0,0,3,3,8,240,151,45,89,19,0,2,7,1
3,2022,2022-09-25,3,PHI,@,WAS,0,Washington Commanders,8,240,151,45,89,19,0,2,7,1,24,400,328,37,72,25,0,0,3,3
3,2022,2022-09-25,3,SF,0,DEN,1,Denver Broncos,11,261,160,35,101,27,0,0,4,1,10,267,179,30,88,20,1,2,4,1
3,2022,2022-09-25,3,SF,0,DEN,0,San Francisco 49ers,10,267,179,30,88,20,1,2,4,1,11,261,160,35,101,27,0,0,4,1
3,2022,2022-09-26,3,DAL,@,NYG,1,Dallas Cowboys,23,391,215,31,176,31,0,0,0,2,16,336,161,41,175,18,1,0,6,1
3,2022,2022-09-26,3,DAL,@,NYG,0,New York Giants,16,336,161,41,175,18,1,0,6,1,23,391,215,31,176,31,0,0,0,2
4,2022,2022-09-29,4,MIA,0,CIN,1,Cincinnati Bengals,27,371,304,33,67,25,0,0,1,3,15,378,293,40,85,22,2,0,1,1
4,2022,2022-09-29,4,MIA,0,CIN,0,Miami Dolphins,15,378,293,40,85,22,2,0,1,1,27,371,304,33,67,25,0,0,1,3
4,2022,2022-10-02,4,ARI,@,CAR,1,Arizona Cardinals,26,338,193,35,145,33,1,1,1,3,16,220,180,37,40,11,2,1,2,2
4,2022,2022-10-02,4,ARI,@,CAR,0,Carolina Panthers,16,220,180,37,40,11,2,1,2,2,26,338,193,35,145,33,1,1,1,3
4,2022,2022-10-02,4,BUF,@,BAL,1,Buffalo Bills,23,326,201,37,125,17,1,1,1,2,20,296,134,33,162,26,2,0,2,2
4,2022,2022-10-02,4,BUF,@,BAL,0,Baltimore Ravens,20,296,134,33,162,26,2,0,2,2,23,326,201,37,125,17,1,1,1,2
4,2022,2022-10-02,4,CHI,0,NYG,1,New York Giants,20,333,71,20,262,36,1,1,1,2,12,304,138,23,166,26,0,3,5,0
4,2022,2022-10-02,4,CHI,0,NYG,0,Chicago Bears,12,304,138,23,166,26,0,3,5,0,20,333,71,20,262,36,1,1,1,2
4,2022,2022-10-02,4,CLE,0,ATL,1,Atlanta Falcons,23,333,126,19,207,32,1,1,1,2,20,403,226,37,177,33,1,1,1,2
4,2022,2022-10-02,4,CLE,0,ATL,0,Cleveland Browns,20,403,226,37,177,33,1,1,1,2,23,333,126,19,207,32,1,1,1,2
4,2022,2022-10-02,4,DEN,0,LV,1,Las Vegas Raiders,32,385,173,35,212,33,0,0,2,2,23,299,214,30,85,17,0,1,3,4
4,2022,2022-10-02,4,DEN,0,LV,0,Denver Broncos,23,299,214,30,85,17,0,1,3,4,32,385,173,35,212,33,0,0,2,2
4,2022,2022-10-02,4,JAX,0,PHI,1,Philadelphia Eagles,29,401,191,27,210,46,1,1,2,5,21,219,145,24,74,18,1,5,1,3
4,2022,2022-10-02,4,JAX,0,PHI,0,Jacksonville Jaguars,21,219,145,24,74,18,1,5,1,3,29,401,191,27,210,46,1,1,2,5
4,2022,2022-10-02,4,KC,@,TB,1,Kansas City Chiefs,41,417,228,38,189,36,1,1,3,5,31,376,363,56,13,7,0,1,0,4
4,2022,2022-10-02,4,KC,@,TB,0,Tampa Bay Buccaneers,31,376,363,56,13,7,0,1,0,4,41,417,228,38,189,36,1,1,3,5
4,2022,2022-10-02,4,LAC,@,HOU,1,Los Angeles Chargers,34,419,338,40,81,24,0,0,1,4,24,346,214,39,132,14,2,2,3,3
4,2022,2022-10-02,4,LAC,@,HOU,0,Houston Texans,24,346,214,39,132,14,2,2,3,3,34,419,338,40,81,24,0,0,1,4
4,2022,2022-10-02,4,MIN,@,NO,1,Minnesota Vikings,28,344,263,44,81,26,1,1,3,3,25,338,226,29,112,28,0,1,1,3
4,2022,2022-10-02,4,MIN,@,NO,0,New Orleans Saints,25,338,226,29,112,28,0,1,1,3,28,344,263,44,81,26,1,1,3,3
4,2022,2022-10-02,4,NE,0,GB,1,Green Bay Packers,27,443,244,36,199,35,1,1,1,3,24,271,104,21,167,33,0,1,3,3
4,2022,2022-10-02,4,NE,0,GB,0,New England Patriots,24,271,104,21,167,33,0,1,3,3,27,443,244,36,199,35,1,1,1,3
4,2022,2022-10-02,4,NYJ,@,PIT,1,New York Jets,24,348,238,40,110,27,2,2,1,3,20,297,148,30,149,26,5,1,3,3
4,2022,2022-10-02,4,NYJ,@,PIT,0,Pittsburgh Steelers,20,297,148,30,149,26,5,1,3,3,24,348,238,40,110,27,2,2,1,3
4,2022,2022-10-02,4,SEA,@,DET,1,Seattle Seahawks,48,555,320,33,235,30,0,0,0,6,45,520,375,43,145,25,1,2,2,6
4,2022,2022-10-02,4,SEA,@,DET,0,Detroit Lions,45,520,375,43,145,25,1,2,2,6,48,555,320,33,235,30,0,0,0,6
4,2022,2022-10-02,4,TEN,@,IND,1,Tennessee Titans,24,243,116,23,127,23,0,0,3,4,17,365,332,38,33,22,1,3,1,2
4,2022,2022-10-02,4,TEN,@,IND,0,Indianapolis Colts,17,365,332,38,33,22,1,3,1,2,24,243,116,23,127,23,0,0,3,4
4,2022,2022-10-02,4,WAS,0,DAL,1,Dallas Cowboys,25,279,208,31,71,28,2,2,1,2,10,297,157,44,140,27,2,1,2,1
4,2022,2022-10-02,4,WAS,0,DAL,0,Washington Commanders,10,297,157,44,140,27,2,1,2,1,25,279,208,31,71,28,2,2,1,2
4,2022,2022-10-03,4,LA,0,SF,1,San Francisco 49ers,24,327,240,27,87,22,0,0,0,4,9,257,200,49,57,17,1,2,6,0
4,2022,2022-10-03,4,LA,0,SF,0,Los Angeles Rams,9,257,200,49,57,17,1,2,6,0,24,327,240,27,87,22,0,0,0,4
5,2022,2022-10-06,5,IND,@,DEN,1,Indianapolis Colts,12,306,188,45,118,26,2,2,4,0,9,375,250,40,125,25,2,1,3,0
5,2022,2022-10-06,5,IND,@,DEN,0,Denver Broncos,9,375,250,40,125,25,2,1,3,0,12,306,188,45,118,26,2,2,4,0
5,2022,2022-10-09,5,ATL,0,TB,1,Tampa Bay Buccaneers,21,420,341,53,79,21,0,0,1,2,15,261,111,27,150,29,0,1,4,2
5,2022,2022-10-09,5,ATL,0,TB,0,Atlanta Falcons,15,261,111,27,150,29,0,1,4,2,21,420,341,53,79,21,0,0,1,2
5,2022,2022-10-09,5,CHI,0,MIN,1,Minnesota Vikings,29,429,312,44,117,29,1,1,1,4,22,271,193,22,78,17,0,4,1,3
5,2022,2022-10-09,5,CHI,0,MIN,0,Chicago Bears,22,271,193,22,78,17,0,4,1,3,29,429,312,44,117,29,1,1,1,4
5,2022,2022-10-09,5,CIN,0,BAL,1,Baltimore Ravens,19,325,161,32,164,26,1,1,2,1,17,291,190,39,101,21,1,0,3,2
5,2022,2022-10-09,5,CIN,0,BAL,0,Cincinnati Bengals,17,291,190,39,101,21,1,0,3,2,19,325,161,32,164,26,1,1,2,1
5,2022,2022-10-09,5,DAL,@,LA,1,Dallas Cowboys,22,239,76,16,163,33,0,0,1,1,10,323,285,45,38,16,1,2,3,2
5,2022,2022-10-09,5,DAL,@,LA,0,Los Angeles Rams,10,323,285,45,38,16,1,2,3,2,22,239,76,16,163,33,0,0,1,1
5,2022,2022-10-09,5,DET,0,NE,1,New England Patriots,29,364,178,24,186,31,1,1,1,1,0,312,207,37,105,24,1,1,1,2
5,2022,2022-10-09,5,DET,0,NE,0,Detroit Lions,0,312,207,37,105,24,1,1,1,2,29,364,178,24,186,31,1,1,1,1
5,2022,2022-10-09,5,HOU,@,JAX,1,Houston Texans,13,248,132,25,116,31,0,0,1,1,6,422,290,47,132,23,2,1,0,0
5,2022,2022-10-09,5,HOU,@,JAX,0,Jacksonville Jaguars,6,422,290,47,132,23,2,1,0,0,13,248,132,25,116,31,0,0,1,1
5,2022,2022-10-09,5,LAC,@,CLE,1,Los Angeles Chargers,30,465,249,36,216,29,0,0,1,4,28,443,230,36,213,29,1,0,0,4
5,2022,2022-10-09,5,LAC,@,CLE,0,Cleveland Browns,28,443,230,36,213,29,1,0,0,4,30,465,249,36,216,29,0,0,1,4
5,2022,2022-10-09,5,MIA,0,NYJ,1,New York Jets,40,322,179,22,143,30,0,0,3,5,17,295,158,37,137,27,1,1,1,2
5,2022,2022-10-09,5,MIA,0,NYJ,0,Miami Dolphins,17,295,158,37,137,27,1,1,1,2,40,322,179,22,143,30,0,0,3,5
5,2022,2022-10-09,5,NYG,@,GB,1,New York Giants,27,338,195,27,143,22,0,0,2,3,22,301,195,41,106,20,0,1,1,2
5,2022,2022-10-09,5,NYG,@,GB,0,Green Bay Packers,22,301,195,41,106,20,0,1,1,2,27,338,195,27,143,22,0,0,2,3
5,2022,2022-10-09,5,PHI,@,ARI,1,Philadelphia Eagles,20,357,218,36,139,31,1,1,2,2,17,363,239,40,124,25,1,0,1,2
5,2022,2022-10-09,5,PHI,@,ARI,0,Arizona Cardinals,17,363,239,40,124,25,1,0,1,2,20,357,218,36,139,31,1,1,2,2
5,2022,2022-10-09,5,PIT,0,BUF,1,Buffalo Bills,38,552,432,37,120,13,1,1,0,5,3,364,309,54,55,16,1,0,4,0
5,2022,2022-10-09,5,PIT,0,BUF,0,Pittsburgh Steelers,3,364,309,54,55,16,1,0,4,0,38,552,432,37,120,13,1,1,0,5
5,2022,2022-10-09,5,SEA,0,NO,1,New Orleans Saints,39,438,191,27,247,42,1,1,1,5,32,396,245,28,151,18,0,2,3,5
5,2022,2022-10-09,5,SEA,0,NO,0,Seattle Seahawks,32,396,245,28,151,18,0,2,3,5,39,438,191,27,247,42,1,1,1,5
5,2022,2022-10-09,5,SF,@,CAR,1,San Francisco 49ers,37,397,244,32,153,27,0,0,2,6,15,308,244,45,64,18,1,0,6,1
5,2022,2022-10-09,5,SF,@,CAR,0,Carolina Panthers,15,308,244,45,64,18,1,0,6,1,37,397,244,32,153,27,0,0,2,6
5,2022,2022-10-09,5,TEN,@,WAS,1,Tennessee Titans,21,241,136,27,105,30,0,0,5,3,17,385,328,42,57,13,1,3,3,2
5,2022,2022-10-09,5,TEN,@,WAS,0,Washington Commanders,17,385,328,42,57,13,1,3,3,2,21,241,136,27,105,30,0,0,5,3
5,2022,2022-10-10,5,LV,0,KC,1,Kansas City Chiefs,30,368,266,45,102,20,0,0,3,5,29,378,232,33,146,26,0,2,2,3
5,2022,2022-10-10,5,LV,0,KC,0,Las Vegas Raiders,29,378,232,33,146,26,0,2,2,3,30,368,266,45,102,20,0,0,3,5
6,2022,2022-10-13,6,WAS,@,CHI,1,Washington Commanders,12,214,86,24,128,29,0,0,3,1,7,391,145,28,246,26,1,1,5,1
6,2022,2022-10-13,6,WAS,@,CHI,0,Chicago Bears,7,391,145,28,246,26,1,1,5,1,12,214,86,24,128,29,0,0,3,1
6,2022,2022-10-16,6,ARI,0,SEA,1,Seattle Seahawks,19,296,160,33,136,26,0,0,5,2,9,315,172,37,143,24,1,3,5,0
6,2022,2022-10-16,6,ARI,0,SEA,0,Arizona Cardinals,9,315,172,37,143,24,1,3,5,0,19,296,160,33,136,26,0,0,5,2
6,2022,2022-10-16,6,BAL,0,NYG,1,New York Giants,24,238,107,29,131,26,1,1,3,3,20,406,199,32,207,23,1,2,1,2
6,2022,2022-10-16,6,BAL,0,NYG,0,Baltimore Ravens,20,406,199,32,207,23,1,2,1,2,24,238,107,29,131,26,1,1,3,3
6,2022,2022-10-16,6,BUF,@,KC,1,Buffalo Bills,24,443,318,41,125,25,0,0,1,3,20,387,319,46,68,14,2,0,3,2
6,2022,2022-10-16,6,BUF,@,KC,0,Kansas City Chiefs,20,387,319,46,68,14,2,0,3,2,24,443,318,41,125,25,0,0,1,3
6,2022,2022-10-16,6,CAR,0,LA,1,Los Angeles Rams,24,360,249,34,111,28,1,1,1,3,10,203,117,21,86,20,1,0,2,1
6,2022,2022-10-16,6,CAR,0,LA,0,Carolina Panthers,10,203,117,21,86,20,1,0,2,1,24,360,249,34,111,28,1,1,1,3
6,2022,2022-10-16,6,CIN,@,NO,1,Cincinnati Bengals,30,348,273,39,75,11,0,0,3,4,26,399,171,36,228,32,0,1,1,2
6,2022,2022-10-16,6,CIN,@,NO,0,New Orleans Saints,26,399,171,36,228,32,0,1,1,2,30,348,273,39,75,11,0,0,3,4
6,2022,2022-10-16,6,DAL,0,PHI,1,Philadelphia Eagles,26,268,132,25,136,37,0,0,4,3,17,315,193,41,122,26,3,0,0,3
6,2022,2022-10-16,6,DAL,0,PHI,0,Dallas Cowboys,17,315,193,41,122,26,3,0,0,3,26,268,132,25,136,37,0,0,4,3
6,2022,2022-10-16,6,JAX,0,IND,1,Indianapolis Colts,34,434,392,63,42,16,0,0,0,4,27,379,145,24,234,30,0,1,5,4
6,2022,2022-10-16,6,JAX,0,IND,0,Jacksonville Jaguars,27,379,145,24,234,30,0,1,5,4,34,434,392,63,42,16,0,0,0,4
6,2022,2022-10-16,6,MIN,@,MIA,1,Minnesota Vikings,24,234,153,31,81,15,0,0,3,3,16,458,387,51,71,17,2,1,6,2
6,2022,2022-10-16,6,MIN,@,MIA,0,Miami Dolphins,16,458,387,51,71,17,2,1,6,2,24,234,153,31,81,15,0,0,3,3
6,2022,2022-10-16,6,NE,@,CLE,1,New England Patriots,38,399,293,38,106,27,0,0,1,5,15,328,244,47,84,18,2,2,2,1
6,2022,2022-10-16,6,NE,@,CLE,0,Cleveland Browns,15,328,244,47,84,18,2,2,2,1,38,399,293,38,106,27,0,0,1,5
6,2022,2022-10-16,6,NYJ,@,GB,1,New York Jets,27,278,99,19,179,29,0,0,2,3,10,278,218,49,60,19,1,2,3,2
6,2022,2022-10-16,6,NYJ,@,GB,0,Green Bay Packers,10,278,218,49,60,19,1,2,3,2,27,278,99,19,179,29,0,0,2,3
6,2022,2022-10-16,6,SF,0,ATL,1,Atlanta Falcons,28,289,121,16,168,39,0,0,2,3,14,346,286,43,60,15,2,2,0,3
6,2022,2022-10-16,6,SF,0,ATL,0,San Francisco 49ers,14,346,286,43,60,15,2,2,0,3,28,289,121,16,168,39,0,0,2,3
6,2022,2022-10-16,6,TB,0,PIT,1,Pittsburgh Steelers,20,270,193,32,77,24,0,0,2,2,18,304,229,41,75,27,0,1,1,1
6,2022,2022-10-16,6,TB,0,PIT,0,Tampa Bay Buccaneers,18,304,229,41,75,27,0,1,1,1,20,270,193,32,77,24,0,0,2,2
6,2022,2022-10-17,6,DEN,0,LAC,1,Los Angeles Chargers,19,297,224,63,73,26,1,1,2,1,16,258,160,30,98,22,0,0,4,1
6,2022,2022-10-17,6,DEN,0,LAC,0,Denver Broncos,16,258,160,30,98,22,0,0,4,1,19,297,224,63,73,26,1,1,2,1
7,2022,2022-10-20,7,NO,0,ARI,1,Arizona Cardinals,42,326,184,29,142,26,0,0,4,6,34,494,409,50,85,18,3,0,0,4
7,2022,2022-10-20,7,NO,0,ARI,0,New Orleans Saints,34,494,409,50,85,18,3,0,0,4,42,326,184,29,142,26,0,0,4,6
7,2022,2022-10-23,7,ATL,0,CIN,1,Cincinnati Bengals,35,537,452,44,85,20,1,1,3,5,17,214,107,15,107,25,0,1,3,2
7,2022,2022-10-23,7,ATL,0,CIN,0,Atlanta Falcons,17,214,107,15,107,25,0,1,3,2,35,537,452,44,85,20,1,1,3,5
7,2022,2022-10-23,7,CLE,0,BAL,1,Baltimore Ravens,23,254,94,17,160,40,0,0,3,2,20,336,228,31,108,22,0,3,3,3
7,2022,2022-10-23,7,CLE,0,BAL,0,Cleveland Browns,20,336,228,31,108,22,0,3,3,3,23,254,94,17,160,40,0,0,3,2
7,2022,2022-10-23,7,DET,0,DAL,1,Dallas Cowboys,24,330,186,27,144,30,0,0,3,3,6,312,191,27,121,26,2,5,3,0
7,2022,2022-10-23,7,DET,0,DAL,0,Detroit Lions,6,312,191,27,121,26,2,5,3,0,24,330,186,27,144,30,0,0,3,3
7,2022,2022-10-23,7,GB,0,WAS,1,Washington Commanders,23,364,188,32,176,37,1,1,1,3,21,232,204,40,28,13,0,1,0,3
7,2022,2022-10-23,7,GB,0,WAS,0,Green Bay Packers,21,232,204,40,28,13,0,1,0,3,23,364,188,32,176,37,1,1,1,3
7,2022,2022-10-23,7,HOU,0,LV,1,Las Vegas Raiders,38,400,236,28,164,24,0,0,1,5,20,404,296,41,108,23,1,0,1,2
7,2022,2022-10-23,7,HOU,0,LV,0,Houston Texans,20,404,296,41,108,23,1,0,1,2,38,400,236,28,164,24,0,0,1,5
7,2022,2022-10-23,7,IND,0,TEN,1,Tennessee Titans,19,254,116,21,138,32,0,0,2,1,10,292,218,44,74,16,2,0,3,1
7,2022,2022-10-23,7,IND,0,TEN,0,Indianapolis Colts,10,292,218,44,74,16,2,0,3,1,19,254,116,21,138,32,0,0,2,1
7,2022,2022-10-23,7,KC,@,SF,1,Kansas City Chiefs,44,529,413,41,116,19,1,1,1,8,23,444,340,49,104,21,2,1,4,2
7,2022,2022-10-23,7,KC,@,SF,0,San Francisco 49ers,23,444,340,49,104,21,2,1,4,2,44,529,413,41,116,19,1,1,1,8
7,2022,2022-10-23,7,NYG,@,JAX,1,New York Giants,23,436,181,35,255,34,1,1,1,2,17,452,292,46,160,22,1,1,1,2
7,2022,2022-10-23,7,NYG,@,JAX,0,Jacksonville Jaguars,17,452,292,46,160,22,1,1,1,2,23,436,181,35,255,34,1,1,1,2
7,2022,2022-10-23,7,NYJ,@,DEN,1,New York Jets,16,260,105,28,155,24,0,0,3,1,9,324,213,48,111,29,2,1,1,1
7,2022,2022-10-23,7,NYJ,@,DEN,0,Denver Broncos,9,324,213,48,111,29,2,1,1,1,16,260,105,28,155,24,0,0,3,1
7,2022,2022-10-23,7,PIT,0,MIA,1,Miami Dolphins,16,372,261,35,111,23,0,0,0,1,10,341,246,46,95,22,3,0,2,1
7,2022,2022-10-23,7,PIT,0,MIA,0,Pittsburgh Steelers,10,341,246,46,95,22,3,0,2,1,16,372,261,35,111,23,0,0,0,1
7,2022,2022-10-23,7,SEA,@,LAC,1,Seattle Seahawks,37,404,191,34,213,31,1,1,2,4,23,329,276,53,53,12,2,2,2,3
7,2022,2022-10-23,7,SEA,@,LAC,0,Los Angeles Chargers,23,329,276,53,53,12,2,2,2,3,37,404,191,34,213,31,1,1,2,4
7,2022,2022-10-23,7,TB,0,CAR,1,Carolina Panthers,21,343,170,22,173,27,0,0,1,3,3,322,269,50,53,15,0,1,1,0
7,2022,2022-10-23,7,TB,0,CAR,0,Tampa Bay Buccaneers,3,322,269,50,53,15,0,1,1,0,21,343,170,22,173,27,0,0,1,3
7,2022,2022-10-24,7,CHI,@,NE,1,Chicago Bears,33,390,152,22,238,41,1,1,2,3,14,260,185,30,75,14,3,1,2,2
7,2022,2022-10-24,7,CHI,@,NE,0,New England Patriots,14,260,185,30,75,14,3,1,2,2,33,390,152,22,238,41,1,1,2,3
8,2022,2022-10-27,8,BAL,@,TB,1,Baltimore Ravens,27,453,222,39,231,29,0,0,3,3,22,349,305,47,44,14,0,0,3,3
8,2022,2022-10-27,8,BAL,@,TB,0,Tampa Bay Buccaneers,22,349,305,47,44,14,0,0,3,3,27,453,222,39,231,29,0,0,3,3
8,2022,2022-10-30,8,ARI,0,MIN,1,Minnesota Vikings,34,381,206,38,175,27,0,0,2,5,26,375,297,48,78,16,2,1,4,3
8,2022,2022-10-30,8,ARI,0,MIN,0,Arizona Cardinals,26,375,297,48,78,16,2,1,4,3,34,381,206,38,175,27,0,0,2,5
8,2022,2022-10-30,8,CAR,0,ATL,1,Atlanta Falcons,37,406,239,28,167,35,2,2,2,4,34,478,309,39,169,37,1,0,1,4
8,2022,2022-10-30,8,CAR,0,ATL,0,Carolina Panthers,34,478,309,39,169,37,1,0,1,4,37,406,239,28,167,35,2,2,2,4
8,2022,2022-10-30,8,CHI,0,DAL,1,Dallas Cowboys,49,442,243,27,199,27,1,1,1,7,29,371,97,29,274,40,1,2,4,5
8,2022,2022-10-30,8,CHI,0,DAL,0,Chicago Bears,29,371,97,29,274,40,1,2,4,5,49,442,243,27,199,27,1,1,1,7
8,2022,2022-10-30,8,DEN,@,JAX,1,Denver Broncos,21,331,230,29,101,26,1,1,3,3,17,305,119,35,186,33,2,1,1,2
8,2022,2022-10-30,8,DEN,@,JAX,0,Jacksonville Jaguars,17,305,119,35,186,33,2,1,1,2,21,331,230,29,101,26,1,1,3,3
8,2022,2022-10-30,8,GB,0,BUF,1,Buffalo Bills,27,369,216,29,153,24,2,2,2,3,17,398,176,31,222,30,1,0,4,3
8,2022,2022-10-30,8,GB,0,BUF,0,Green Bay Packers,17,398,176,31,222,30,1,0,4,3,27,369,216,29,153,24,2,2,2,3
8,2022,2022-10-30,8,LV,0,NO,1,New Orleans Saints,24,367,231,32,136,32,0,0,0,3,0,183,137,39,46,13,1,0,5,0
8,2022,2022-10-30,8,LV,0,NO,0,Las Vegas Raiders,0,183,137,39,46,13,1,0,5,0,24,367,231,32,136,32,0,0,0,3
8,2022,2022-10-30,8,MIA,@,DET,1,Miami Dolphins,31,476,369,38,107,23,0,0,2,4,27,393,311,40,82,18,0,0,1,3
8,2022,2022-10-30,8,MIA,@,DET,0,Detroit Lions,27,393,311,40,82,18,0,0,1,3,31,476,369,38,107,23,0,0,2,4
8,2022,2022-10-30,8,NE,@,NYJ,1,New England Patriots,22,288,75,36,213,29,2,2,5,1,17,387,336,41,51,16,3,0,2,3
8,2022,2022-10-30,8,NE,@,NYJ,0,New York Jets,17,387,336,41,51,16,3,0,2,3,22,288,75,36,213,29,2,2,5,1
8,2022,2022-10-30,8,NYG,0,SEA,1,Seattle Seahawks,27,277,191,34,86,22,0,0,3,3,13,225,143,31,82,24,0,1,5,1
8,2022,2022-10-30,8,NYG,0,SEA,0,New York Giants,13,225,143,31,82,24,0,1,5,1,27,277,191,34,86,22,0,0,3,3
8,2022,2022-10-30,8,PIT,0,PHI,1,Philadelphia Eagles,35,401,290,32,111,20,0,0,3,5,13,302,140,45,162,20,1,2,6,1
8,2022,2022-10-30,8,PIT,0,PHI,0,Pittsburgh Steelers,13,302,140,45,162,20,1,2,6,1,35,401,290,32,111,20,0,0,3,5
8,2022,2022-10-30,8,SF,@,LA,1,San Francisco 49ers,31,368,264,26,104,24,0,0,3,4,14,223,167,35,56,19,0,0,2,2
8,2022,2022-10-30,8,SF,@,LA,0,Los Angeles Rams,14,223,167,35,56,19,0,0,2,2,31,368,264,26,104,24,0,0,3,4
8,2022,2022-10-30,8,TEN,@,HOU,1,Tennessee Titans,17,354,40,10,314,42,1,1,3,2,10,161,118,32,43,16,1,1,3,1
8,2022,2022-10-30,8,TEN,@,HOU,0,Houston Texans,10,161,118,32,43,16,1,1,3,1,17,354,40,10,314,42,1,1,3,2
8,2022,2022-10-30,8,WAS,@,IND,1,Washington Commanders,17,362,266,31,96,23,1,1,2,2,16,324,189,24,135,25,0,2,1,1
8,2022,2022-10-30,8,WAS,@,IND,0,Indianapolis Colts,16,324,189,24,135,25,0,2,1,1,17,362,266,31,96,23,1,1,2,2
8,2022,2022-10-31,8,CIN,0,CLE,1,Cleveland Browns,32,440,267,22,173,41,1,1,1,4,13,229,193,37,36,10,1,1,4,2
8,2022,2022-10-31,8,CIN,0,CLE,0,Cincinnati Bengals,13,229,193,37,36,10,1,1,4,2,32,440,267,22,173,41,1,1,1,4
9,2022,2022-11-03,9,PHI,@,HOU,1,Philadelphia Eagles,29,360,216,29,144,27,0,0,3,4,17,303,135,25,168,29,2,0,3,2
9,2022,2022-11-03,9,PHI,@,HOU,0,Houston Texans,17,303,135,25,168,29,2,0,3,2,29,360,216,29,144,27,0,0,3,4
9,2022,2022-11-06,9,BUF,0,NYJ,1,New York Jets,20,310,136,25,174,30,0,0,1,2,17,317,178,35,139,19,2,2,3,3
9,2022,2022-11-06,9,BUF,0,NYJ,0,Buffalo Bills,17,317,178,35,139,19,2,2,3,3,20,310,136,25,174,30,0,0,1,2
9,2022,2022-11-06,9,CAR,0,CIN,1,Cincinnati Bengals,42,464,216,32,248,37,0,0,3,6,21,228,164,31,64,16,2,1,0,3
9,2022,2022-11-06,9,CAR,0,CIN,0,Carolina Panthers,21,228,164,31,64,16,2,1,0,3,42,464,216,32,248,37,0,0,3,6
9,2022,2022-11-06,9,GB,0,DET,1,Detroit Lions,15,254,126,28,128,31,1,1,1,2,9,389,283,47,106,21,3,2,1,1
9,2022,2022-11-06,9,GB,0,DET,0,Green Bay Packers,9,389,283,47,106,21,3,2,1,1,15,254,126,28,128,31,1,1,1,2
9,2022,2022-11-06,9,IND,0,NE,1,New England Patriots,26,203,133,30,70,28,0,0,4,2,3,121,31,30,90,18,1,0,10,0
9,2022,2022-11-06,9,IND,0,NE,0,Indianapolis Colts,3,121,31,30,90,18,1,0,10,0,26,203,133,30,70,28,0,0,4,2
9,2022,2022-11-06,9,LA,0,TB,1,Tampa Bay Buccaneers,16,323,272,60,51,22,0,0,1,1,13,206,131,28,75,22,0,2,5,1
9,2022,2022-11-06,9,LA,0,TB,0,Los Angeles Rams,13,206,131,28,75,22,0,2,5,1,16,323,272,60,51,22,0,0,1,1
9,2022,2022-11-06,9,LAC,@,ATL,1,Los Angeles Chargers,20,336,304,44,32,24,1,1,0,3,17,315,114,23,201,34,0,1,2,3
9,2022,2022-11-06,9,LAC,@,ATL,0,Atlanta Falcons,17,315,114,23,201,34,0,1,2,3,20,336,304,44,32,24,1,1,0,3
9,2022,2022-11-06,9,LV,0,JAX,1,Jacksonville Jaguars,27,403,235,30,168,34,0,0,0,3,20,321,248,37,73,20,0,1,2,2
9,2022,2022-11-06,9,LV,0,JAX,0,Las Vegas Raiders,20,321,248,37,73,20,0,1,2,2,27,403,235,30,168,34,0,0,0,3
9,2022,2022-11-06,9,MIA,@,CHI,1,Miami Dolphins,35,379,302,33,77,18,0,0,0,4,32,368,115,30,253,32,1,0,2,5
9,2022,2022-11-06,9,MIA,@,CHI,0,Chicago Bears,32,368,115,30,253,32,1,0,2,5,35,379,302,33,77,18,0,0,0,4
9,2022,2022-11-06,9,MIN,@,WAS,1,Minnesota Vikings,20,301,207,42,94,22,2,2,2,2,17,263,119,29,144,26,1,0,4,3
9,2022,2022-11-06,9,MIN,@,WAS,0,Washington Commanders,17,263,119,29,144,26,1,0,4,3,20,301,207,42,94,22,2,2,2,2
9,2022,2022-11-06,9,SEA,@,ARI,1,Seattle Seahawks,31,421,263,37,158,30,1,1,2,4,21,262,144,36,118,16,1,5,4,3
9,2022,2022-11-06,9,SEA,@,ARI,0,Arizona Cardinals,21,262,144,36,118,16,1,5,4,3,31,421,263,37,158,30,1,1,2,4
9,2022,2022-11-06,9,TEN,0,KC,1,Kansas City Chiefs,20,499,420,72,79,15,2,2,4,2,17,229,57,18,172,26,0,0,3,2
9,2022,2022-11-06,9,TEN,0,KC,0,Tennessee Titans,17,229,57,18,172,26,0,0,3,2,20,499,420,72,79,15,2,2,4,2
9,2022,2022-11-07,9,BAL,@,NO,1,Baltimore Ravens,27,319,121,23,198,41,0,0,4,3,13,243,172,31,71,15,2,0,4,1
9,2022,2022-11-07,9,BAL,@,NO,0,New Orleans Saints,13,243,172,31,71,15,2,0,4,1,27,319,121,23,198,41,0,0,4,3
10,2022,2022-11-10,10,ATL,0,CAR,1,Carolina Panthers,25,333,101,16,232,49,0,0,1,2,15,291,153,31,138,24,1,0,5,2
10,2022,2022-11-10,10,ATL,0,CAR,0,Atlanta Falcons,15,291,153,31,138,24,1,0,5,2,25,333,101,16,232,49,0,0,1,2
10,2022,2022-11-13,10,ARI,@,LA,1,Arizona Cardinals,27,298,219,39,79,24,0,0,2,3,17,256,190,38,66,18,1,2,2,2
10,2022,2022-11-13,10,ARI,@,LA,0,Los Angeles Rams,17,256,190,38,66,18,1,2,2,2,27,298,219,39,79,24,0,0,2,3
10,2022,2022-11-13,10,CLE,0,MIA,1,Miami Dolphins,39,491,296,35,195,28,0,0,1,5,17,297,185,38,112,20,0,2,3,2
10,2022,2022-11-13,10,CLE,0,MIA,0,Cleveland Browns,17,297,185,38,112,20,0,2,3,2,39,491,296,35,195,28,0,0,1,5
10,2022,2022-11-13,10,DAL,0,GB,1,Green Bay Packers,31,415,208,22,207,38,0,0,1,4,28,421,262,48,159,33,2,1,2,4
10,2022,2022-11-13,10,DAL,0,GB,0,Dallas Cowboys,28,421,262,48,159,33,2,1,2,4,31,415,208,22,207,38,0,0,1,4
10,2022,2022-11-13,10,DEN,0,TEN,1,Tennessee Titans,17,307,235,37,72,21,0,0,2,2,10,313,237,45,76,22,1,4,6,1
10,2022,2022-11-13,10,DEN,0,TEN,0,Denver Broncos,10,313,237,45,76,22,1,4,6,1,17,307,235,37,72,21,0,0,2,2
10,2022,2022-11-13,10,DET,@,CHI,1,Detroit Lions,31,323,210,29,113,26,1,1,2,4,30,408,150,21,258,32,1,1,3,4
10,2022,2022-11-13,10,DET,@,CHI,0,Chicago Bears,30,408,150,21,258,32,1,1,3,4,31,323,210,29,113,26,1,1,2,4
10,2022,2022-11-13,10,HOU,0,NYG,1,New York Giants,24,367,176,18,191,44,0,0,3,3,16,387,276,40,111,19,1,3,3,2
10,2022,2022-11-13,10,HOU,0,NYG,0,Houston Texans,16,387,276,40,111,19,1,3,3,2,24,367,176,18,191,44,0,0,3,3
10,2022,2022-11-13,10,IND,@,LV,1,Indianapolis Colts,25,415,216,30,199,28,0,0,1,3,20,309,238,41,71,26,0,0,2,3
10,2022,2022-11-13,10,IND,@,LV,0,Las Vegas Raiders,20,309,238,41,71,26,0,0,2,3,25,415,216,30,199,28,0,0,1,3
10,2022,2022-11-13,10,JAX,0,KC,1,Kansas City Chiefs,27,486,331,36,155,20,1,1,0,4,17,315,240,43,75,12,0,1,5,3
10,2022,2022-11-13,10,JAX,0,KC,0,Jacksonville Jaguars,17,315,240,43,75,12,0,1,5,3,27,486,331,36,155,20,1,1,0,4
10,2022,2022-11-13,10,LAC,0,SF,1,San Francisco 49ers,22,387,231,28,156,40,0,0,1,2,16,238,187,38,51,14,1,1,2,1
10,2022,2022-11-13,10,LAC,0,SF,0,Los Angeles Chargers,16,238,187,38,51,14,1,1,2,1,22,387,231,28,156,40,0,0,1,2
10,2022,2022-11-13,10,MIN,@,BUF,1,Minnesota Vikings,33,481,335,54,146,21,2,2,3,4,30,486,311,44,175,22,2,2,2,4
10,2022,2022-11-13,10,MIN,@,BUF,0,Buffalo Bills,30,486,311,44,175,22,2,2,2,4,33,481,335,54,146,21,2,2,3,4
10,2022,2022-11-13,10,NO,0,PIT,1,Pittsburgh Steelers,20,379,162,35,217,37,0,0,6,2,10,186,157,30,29,13,2,2,1,1
10,2022,2022-11-13,10,NO,0,PIT,0,New Orleans Saints,10,186,157,30,29,13,2,2,1,1,20,379,162,35,217,37,0,0,6,2
10,2022,2022-11-13,10,SEA,0,TB,1,Tampa Bay Buccaneers,21,419,258,31,161,37,2,2,0,3,16,283,244,34,39,10,0,1,2,2
10,2022,2022-11-13,10,SEA,0,TB,0,Seattle Seahawks,16,283,244,34,39,10,0,1,2,2,21,419,258,31,161,37,2,2,0,3
10,2022,2022-11-14,10,WAS,@,PHI,1,Washington Commanders,32,330,173,29,157,45,1,1,2,2,21,264,184,27,80,21,1,3,1,5
10,2022,2022-11-14,10,WAS,@,PHI,0,Philadelphia Eagles,21,264,184,27,80,21,1,3,1,5,32,330,173,29,157,45,1,1,2,2
11,2022,2022-11-17,11,TEN,@,GB,1,Tennessee Titans,27,408,311,31,97,28,1,1,3,4,17,271,215,39,56,20,0,1,1,2
11,2022,2022-11-17,11,TEN,@,GB,0,Green Bay Packers,17,271,215,39,56,20,0,1,1,2,27,408,311,31,97,28,1,1,3,4
11,2022,2022-11-20,11,CAR,0,BAL,1,Baltimore Ravens,13,308,193,35,115,29,1,1,3,1,3,205,169,36,36,15,2,1,4,0
11,2022,2022-11-20,11,CAR,0,BAL,0,Carolina Panthers,3,205,169,36,36,15,2,1,4,0,13,308,193,35,115,29,1,1,3,1
11,2022,2022-11-20,11,CHI,0,ATL,1,Atlanta Falcons,27,280,131,20,149,26,0,0,0,2,24,288,123,23,165,35,1,2,4,4
11,2022,2022-11-20,11,CHI,0,ATL,0,Chicago Bears,24,288,123,23,165,35,1,2,4,4,27,280,131,20,149,26,0,0,0,2
11,2022,2022-11-20,11,CIN,@,PIT,1,Cincinnati Bengals,37,408,346,39,62,22,2,2,2,4,30,351,249,46,102,25,0,0,2,3
11,2022,2022-11-20,11,CIN,@,PIT,0,Pittsburgh Steelers,30,351,249,46,102,25,0,0,2,3,37,408,346,39,62,22,2,2,2,4
11,2022,2022-11-20,11,CLE,0,BUF,1,Buffalo Bills,31,357,186,28,171,31,0,0,2,2,23,396,316,47,80,20,0,1,1,3
11,2022,2022-11-20,11,CLE,0,BUF,0,Cleveland Browns,23,396,316,47,80,20,0,1,1,3,31,357,186,28,171,31,0,0,2,2
11,2022,2022-11-20,11,DAL,@,MIN,1,Dallas Cowboys,40,458,307,30,151,40,0,0,0,4,3,183,108,33,75,17,0,1,6,0
11,2022,2022-11-20,11,DAL,@,MIN,0,Minnesota Vikings,3,183,108,33,75,17,0,1,6,0,40,458,307,30,151,40,0,0,0,4
11,2022,2022-11-20,11,DET,@,NYG,1,Detroit Lions,31,325,167,29,158,33,0,0,0,4,18,413,328,47,85,24,2,1,2,3
11,2022,2022-11-20,11,DET,@,NYG,0,New York Giants,18,413,328,47,85,24,2,1,2,3,31,325,167,29,158,33,0,0,0,4
11,2022,2022-11-20,11,KC,@,LAC,1,Kansas City Chiefs,30,485,319,36,166,23,0,0,1,3,27,365,250,30,115,28,1,1,5,3
11,2022,2022-11-20,11,KC,@,LAC,0,Los Angeles Chargers,27,365,250,30,115,28,1,1,5,3,30,485,319,36,166,23,0,0,1,3
11,2022,2022-11-20,11,LA,0,NO,1,New Orleans Saints,27,323,235,28,88,23,0,0,4,3,20,336,188,28,148,27,0,0,4,2
11,2022,2022-11-20,11,LA,0,NO,0,Los Angeles Rams,20,336,188,28,148,27,0,0,4,2,27,323,235,28,88,23,0,0,4,3
11,2022,2022-11-20,11,LV,@,DEN,1,Las Vegas Raiders,22,407,291,39,116,25,0,0,2,2,16,320,235,33,85,27,0,1,3,2
11,2022,2022-11-20,11,LV,@,DEN,0,Denver Broncos,16,320,235,33,85,27,0,1,3,2,22,407,291,39,116,25,0,0,2,2
11,2022,2022-11-20,11,NYJ,0,NE,1,New England Patriots,10,297,198,27,99,29,0,0,6,0,3,103,39,22,64,20,0,0,5,1
11,2022,2022-11-20,11,NYJ,0,NE,0,New York Jets,3,103,39,22,64,20,0,0,5,1,10,297,198,27,99,29,0,0,6,0
11,2022,2022-11-20,11,PHI,@,IND,1,Philadelphia Eagles,17,314,169,29,145,30,0,0,1,2,16,284,185,33,99,28,0,1,4,1
11,2022,2022-11-20,11,PHI,@,IND,0,Indianapolis Colts,16,284,185,33,99,28,0,1,4,1,17,314,169,29,145,30,0,0,1,2
11,2022,2022-11-20,11,WAS,@,HOU,1,Washington Commanders,23,344,191,28,153,38,0,0,0,2,10,148,127,35,21,13,2,0,5,1
11,2022,2022-11-20,11,WAS,@,HOU,0,Houston Texans,10,148,127,35,21,13,2,0,5,1,23,344,191,28,153,38,0,0,0,2
11,2022,2022-11-21,11,SF,@,ARI,1,San Francisco 49ers,38,387,228,30,159,26,0,0,0,5,10,314,247,44,67,22,2,1,3,1
11,2022,2022-11-21,11,SF,@,ARI,0,Arizona Cardinals,10,314,247,44,67,22,2,1,3,1,38,387,228,30,159,26,0,0,0,5
12,2022,2022-11-24,12,BUF,@,DET,1,Buffalo Bills,28,401,237,44,164,23,1,1,3,3,25,326,231,39,95,28,0,1,2,4
12,2022,2022-11-24,12,BUF,@,DET,0,Detroit Lions,25,326,231,39,95,28,0,1,2,4,28,401,237,44,164,23,1,1,3,3
12,2022,2022-11-24,12,NE,0,MIN,1,Minnesota Vikings,33,358,301,40,57,26,1,1,1,3,26,409,343,38,66,13,0,1,3,4
12,2022,2022-11-24,12,NE,0,MIN,0,New England Patriots,26,409,343,38,66,13,0,1,3,4,33,358,301,40,57,26,1,1,1,3
12,2022,2022-11-24,12,NYG,0,DAL,1,Dallas Cowboys,28,430,243,35,187,38,2,2,0,4,20,300,195,36,105,21,1,1,3,3
12,2022,2022-11-24,12,NYG,0,DAL,0,New York Giants,20,300,195,36,105,21,1,1,3,3,28,430,243,35,187,38,2,2,0,4
12,2022,2022-11-27,12,ATL,0,WAS,1,Washington Commanders,19,314,138,24,176,37,2,2,0,2,13,332,165,25,167,31,1,0,1,1
12,2022,2022-11-27,12,ATL,0,WAS,0,Atlanta Falcons,13,332,165,25,167,31,1,0,1,1,19,314,138,24,176,37,2,2,0,2
12,2022,2022-11-27,12,BAL,0,JAX,1,Jacksonville Jaguars,28,332,295,38,37,19,0,0,2,3,27,415,252,33,163,31,0,3,1,3
12,2022,2022-11-27,12,BAL,0,JAX,0,Baltimore Ravens,27,415,252,33,163,31,0,3,1,3,28,332,295,38,37,19,0,0,2,3
12,2022,2022-11-27,12,CHI,0,NYJ,1,New York Jets,31,466,300,29,166,32,0,0,1,4,10,292,164,25,128,26,1,2,2,1
12,2022,2022-11-27,12,CHI,0,NYJ,0,Chicago Bears,10,292,164,25,128,26,1,2,2,1,31,466,300,29,166,32,0,0,1,4
12,2022,2022-11-27,12,CIN,@,TEN,1,Cincinnati Bengals,20,374,266,40,108,21,0,0,1,2,16,344,281,35,63,19,0,1,1,1
12,2022,2022-11-27,12,CIN,@,TEN,0,Tennessee Titans,16,344,281,35,63,19,0,1,1,1,20,374,266,40,108,21,0,0,1,2
12,2022,2022-11-27,12,DEN,0,CAR,1,Carolina Panthers,23,349,164,19,185,46,0,0,0,2,10,246,110,37,136,17,0,1,3,2
12,2022,2022-11-27,12,DEN,0,CAR,0,Denver Broncos,10,246,110,37,136,17,0,1,3,2,23,349,164,19,185,46,0,0,0,2
12,2022,2022-11-27,12,GB,0,PHI,1,Philadelphia Eagles,40,500,202,28,298,42,0,0,3,5,33,342,236,25,106,20,2,0,3,5
12,2022,2022-11-27,12,GB,0,PHI,0,Green Bay Packers,33,342,236,25,106,20,2,0,3,5,40,500,202,28,298,42,0,0,3,5
12,2022,2022-11-27,12,HOU,0,MIA,1,Miami Dolphins,30,339,250,42,89,20,1,1,6,2,15,210,185,39,25,12,2,3,3,3
12,2022,2022-11-27,12,HOU,0,MIA,0,Houston Texans,15,210,185,39,25,12,2,3,3,3,30,339,250,42,89,20,1,1,6,2
12,2022,2022-11-27,12,LA,0,KC,1,Kansas City Chiefs,26,437,337,45,100,26,1,1,1,3,10,198,82,24,116,24,2,0,3,1
12,2022,2022-11-27,12,LA,0,KC,0,Los Angeles Rams,10,198,82,24,116,24,2,0,3,1,26,437,337,45,100,26,1,1,1,3
12,2022,2022-11-27,12,LAC,@,ARI,1,Los Angeles Chargers,25,311,249,48,62,10,1,1,4,3,24,366,185,29,181,32,1,1,1,3
12,2022,2022-11-27,12,LAC,@,ARI,0,Arizona Cardinals,24,366,185,29,181,32,1,1,1,3,25,311,249,48,62,10,1,1,4,3
12,2022,2022-11-27,12,LV,@,SEA,1,Las Vegas Raiders,40,576,293,36,283,38,2,2,1,5,34,372,319,39,53,19,2,1,3,4
12,2022,2022-11-27,12,LV,@,SEA,0,Seattle Seahawks,34,372,319,39,53,19,2,1,3,4,40,576,293,36,283,38,2,2,1,5
12,2022,2022-11-27,12,NO,0,SF,1,San Francisco 49ers,13,317,173,38,144,29,1,1,1,2,0,260,197,34,63,18,0,2,1,0
12,2022,2022-11-27,12,NO,0,SF,0,New Orleans Saints,0,260,197,34,63,18,0,2,1,0,13,317,173,38,144,29,1,1,1,2
12,2022,2022-11-27,12,TB,0,CLE,1,Cleveland Browns,23,367,179,39,188,33,1,1,4,3,17,325,229,46,96,20,0,0,3,2
12,2022,2022-11-27,12,TB,0,CLE,0,Tampa Bay Buccaneers,17,325,229,46,96,20,0,0,3,2,23,367,179,39,188,33,1,1,4,3
12,2022,2022-11-28,12,PIT,@,IND,1,Pittsburgh Steelers,24,323,151,28,172,33,0,0,3,2,17,290,180,36,110,22,1,3,2,2
12,2022,2022-11-28,12,PIT,@,IND,0,Indianapolis Colts,17,290,180,36,110,22,1,3,2,2,24,323,151,28,172,33,0,0,3,2
13,2022,2022-12-01,13,BUF,@,NE,1,Buffalo Bills,24,355,217,36,138,31,0,0,1,4,10,242,182,38,60,12,1,2,1,1
13,2022,2022-12-01,13,BUF,@,NE,0,New England Patriots,10,242,182,38,60,12,1,2,1,1,24,355,217,36,138,31,0,0,1,4
13,2022,2022-12-04,13,CLE,@,HOU,1,Cleveland Browns,27,304,130,22,174,36,1,1,1,1,14,283,201,41,82,22,1,2,0,3
13,2022,2022-12-04,13,CLE,@,HOU,0,Houston Texans,14,283,201,41,82,22,1,2,0,3,27,304,130,22,174,36,1,1,1,1
13,2022,2022-12-04,13,DEN,0,BAL,1,Baltimore Ravens,10,285,183,39,102,22,2,2,4,1,9,272,185,23,87,26,0,0,2,0
13,2022,2022-12-04,13,DEN,0,BAL,0,Denver Broncos,9,272,185,23,87,26,0,0,2,0,10,285,183,39,102,22,2,2,4,1
13,2022,2022-12-04,13,GB,@,CHI,1,Green Bay Packers,28,357,182,33,175,29,0,0,0,3,19,409,256,26,153,20,2,1,0,2
13,2022,2022-12-04,13,GB,@,CHI,0,Chicago Bears,19,409,256,26,153,20,2,1,0,2,28,357,182,33,175,29,0,0,0,3
13,2022,2022-12-04,13,IND,0,DAL,1,Dallas Cowboys,54,385,165,31,220,35,1,1,1,7,19,309,206,38,103,28,3,3,2,4
13,2022,2022-12-04,13,IND,0,DAL,0,Indianapolis Colts,19,309,206,38,103,28,3,3,2,4,54,385,165,31,220,35,1,1,1,7
13,2022,2022-12-04,13,JAX,0,DET,1,Detroit Lions,40,437,328,43,109,28,0,0,2,4,14,266,171,34,95,16,0,1,2,1
13,2022,2022-12-04,13,JAX,0,DET,0,Jacksonville Jaguars,14,266,171,34,95,16,0,1,2,1,40,437,328,43,109,28,0,0,2,4
13,2022,2022-12-04,13,KC,0,CIN,1,Cincinnati Bengals,27,431,230,37,201,28,1,1,1,3,24,349,211,28,138,22,0,1,2,3
13,2022,2022-12-04,13,KC,0,CIN,0,Kansas City Chiefs,24,349,211,28,138,22,0,1,2,3,27,431,230,37,201,28,1,1,1,3
13,2022,2022-12-04,13,LAC,0,LV,1,Las Vegas Raiders,27,404,250,32,154,29,1,1,0,3,20,386,287,49,99,18,0,3,5,2
13,2022,2022-12-04,13,LAC,0,LV,0,Los Angeles Chargers,20,386,287,49,99,18,0,3,5,2,27,404,250,32,154,29,1,1,0,3
13,2022,2022-12-04,13,MIA,0,SF,1,San Francisco 49ers,33,351,230,44,121,33,1,1,4,2,17,308,270,34,38,9,3,1,2,3
13,2022,2022-12-04,13,MIA,0,SF,0,Miami Dolphins,17,308,270,34,38,9,3,1,2,3,33,351,230,44,121,33,1,1,4,2
13,2022,2022-12-04,13,NYJ,0,MIN,1,Minnesota Vikings,27,287,159,37,128,25,0,0,2,3,22,486,366,60,120,23,2,0,1,1
13,2022,2022-12-04,13,NYJ,0,MIN,0,New York Jets,22,486,366,60,120,23,2,0,1,1,27,287,159,37,128,25,0,0,2,3
13,2022,2022-12-04,13,PIT,@,ATL,1,Pittsburgh Steelers,19,351,202,28,149,33,0,0,0,1,16,306,160,24,146,29,1,0,1,2
13,2022,2022-12-04,13,PIT,@,ATL,0,Atlanta Falcons,16,306,160,24,146,29,1,0,1,2,19,351,202,28,149,33,0,0,0,1
13,2022,2022-12-04,13,SEA,@,LA,1,Seattle Seahawks,27,438,340,41,98,20,1,1,3,3,23,319,149,27,170,28,2,1,3,2
13,2022,2022-12-04,13,SEA,@,LA,0,Los Angeles Rams,23,319,149,27,170,28,2,1,3,2,27,438,340,41,98,20,1,1,3,3
13,2022,2022-12-04,13,TEN,0,PHI,1,Philadelphia Eagles,35,453,424,44,29,27,0,0,1,6,10,209,122,27,87,19,0,0,6,1
13,2022,2022-12-04,13,TEN,0,PHI,0,Tennessee Titans,10,209,122,27,87,19,0,0,6,1,35,453,424,44,29,27,0,0,1,6
13,2022,2022-12-04,13,WAS,@,NYG,0,Washington Commanders,20,411,236,42,175,36,0,0,3,2,20,316,182,30,134,24,0,1,4,2
13,2022,2022-12-04,13,WAS,@,NYG,1,New York Giants,20,316,182,30,134,24,0,1,4,2,20,411,236,42,175,36,0,0,3,2
13,2022,2022-12-05,13,NO,0,TB,1,Tampa Bay Buccaneers,17,350,274,59,76,20,1,1,1,3,16,298,237,30,61,25,0,1,2,1
13,2022,2022-12-05,13,NO,0,TB,0,New Orleans Saints,16,298,237,30,61,25,0,1,2,1,17,350,274,59,76,20,1,1,1,3
14,2022,2022-12-08,14,LV,0,LA,1,Los Angeles Rams,17,282,205,37,77,19,1,1,4,2,16,302,137,21,165,36,2,0,0,1
14,2022,2022-12-08,14,LV,0,LA,0,Las Vegas Raiders,16,302,137,21,165,36,2,0,0,1,17,282,205,37,77,19,1,1,4,2
14,2022,2022-12-11,14,BAL,@,PIT,1,Baltimore Ravens,16,309,94,17,215,33,0,0,2,1,14,329,264,33,65,18,3,0,2,2
14,2022,2022-12-11,14,BAL,@,PIT,0,Pittsburgh Steelers,14,329,264,33,65,18,3,0,2,2,16,309,94,17,215,33,0,0,2,1
14,2022,2022-12-11,14,CAR,@,SEA,1,Carolina Panthers,30,328,105,24,223,43,0,0,2,3,24,287,241,37,46,11,3,0,3,3
14,2022,2022-12-11,14,CAR,@,SEA,0,Seattle Seahawks,24,287,241,37,46,11,3,0,3,3,30,328,105,24,223,43,0,0,2,3
14,2022,2022-12-11,14,CLE,0,CIN,1,Cincinnati Bengals,23,363,226,37,137,21,1,1,4,3,10,344,273,42,71,22,1,0,3,1
14,2022,2022-12-11,14,CLE,0,CIN,0,Cleveland Browns,10,344,273,42,71,22,1,0,3,1,23,363,226,37,137,21,1,1,4,3
14,2022,2022-12-11,14,HOU,0,DAL,1,Dallas Cowboys,27,404,278,39,126,28,2,2,0,3,23,327,213,27,114,36,1,1,0,2
14,2022,2022-12-11,14,HOU,0,DAL,0,Houston Texans,23,327,213,27,114,36,1,1,0,2,27,404,278,39,126,28,2,2,0,3
14,2022,2022-12-11,14,JAX,@,TEN,1,Jacksonville Jaguars,36,428,368,43,60,25,0,0,0,4,22,364,227,41,137,17,1,3,3,4
14,2022,2022-12-11,14,JAX,@,TEN,0,Tennessee Titans,22,364,227,41,137,17,1,3,3,4,36,428,368,43,60,25,0,0,0,4
14,2022,2022-12-11,14,KC,@,DEN,1,Kansas City Chiefs,34,431,342,42,89,21,3,3,2,4,28,320,214,47,106,15,2,1,6,4
14,2022,2022-12-11,14,KC,@,DEN,0,Denver Broncos,28,320,214,47,106,15,2,1,6,4,34,431,342,42,89,21,3,3,2,4
14,2022,2022-12-11,14,MIA,0,LAC,1,Los Angeles Chargers,23,432,349,52,83,18,0,0,5,2,17,219,127,30,92,16,0,1,2,2
14,2022,2022-12-11,14,MIA,0,LAC,0,Miami Dolphins,17,219,127,30,92,16,0,1,2,2,23,432,349,52,83,18,0,0,5,2
14,2022,2022-12-11,14,MIN,0,DET,1,Detroit Lions,34,464,330,39,134,28,0,0,0,4,23,416,384,42,32,17,0,2,4,3
14,2022,2022-12-11,14,MIN,0,DET,0,Minnesota Vikings,23,416,384,42,32,17,0,2,4,3,34,464,330,39,134,28,0,0,0,4
14,2022,2022-12-11,14,NYJ,0,BUF,1,Buffalo Bills,20,232,130,30,102,21,0,0,3,2,12,309,234,47,75,23,0,3,2,1
14,2022,2022-12-11,14,NYJ,0,BUF,0,New York Jets,12,309,234,47,75,23,0,3,2,1,20,232,130,30,102,21,0,0,3,2
14,2022,2022-12-11,14,PHI,@,NYG,1,Philadelphia Eagles,48,437,184,33,253,29,0,0,4,6,22,304,177,33,127,19,0,2,6,3
14,2022,2022-12-11,14,PHI,@,NYG,0,New York Giants,22,304,177,33,127,19,0,2,6,3,48,437,184,33,253,29,0,0,4,6
14,2022,2022-12-11,14,TB,0,SF,1,San Francisco 49ers,35,404,176,25,228,34,1,1,1,5,7,322,253,57,69,17,2,1,0,2
14,2022,2022-12-11,14,TB,0,SF,0,Tampa Bay Buccaneers,7,322,253,57,69,17,2,1,0,2,35,404,176,25,228,34,1,1,1,5
14,2022,2022-12-12,14,NE,@,ARI,1,New England Patriots,27,328,225,37,103,16,2,2,1,2,13,323,210,47,113,16,1,2,6,3
14,2022,2022-12-12,14,NE,@,ARI,0,Arizona Cardinals,13,323,210,47,113,16,1,2,6,3,27,328,225,37,103,16,2,2,1,2
15,2022,2022-12-15,15,SF,@,SEA,1,San Francisco 49ers,21,381,211,28,170,30,1,0,1,4,13,277,173,47,104,13,0,2,2,1
15,2022,2022-12-15,15,SF,@,SEA,0,Seattle Seahawks,13,277,173,47,104,13,0,2,2,1,21,381,211,28,170,30,1,0,1,4
15,2022,2022-12-17,15,CLE,,BAL,1,Cleveland Browns,13,283,140,28,143,33,0,0,3,,3,324,126,30,198,28,1,4,3,0
15,2022,2022-12-17,15,CLE,,BAL,0,Baltimore Ravens,3,324,126,30,198,28,1,4,3,,13,283,140,28,143,33,0,0,3,0
15,2022,2022-12-17,15,MIN,,IND,1,Minnesota Vikings,39,518,426,55,92,24,2,1,7,,36,341,170,33,171,43,0,3,3,0
15,2022,2022-12-17,15,MIN,,IND,0,Indianapolis Colts,36,341,170,33,171,43,0,3,3,,39,518,426,55,92,24,2,1,7,0
15,2022,2022-12-17,15,BUF,,MIA,1,Buffalo Bills,32,446,296,40,150,29,0,2,2,,29,405,217,30,188,25,0,1,2,0
15,2022,2022-12-17,15,BUF,,MIA,0,Miami Dolphins,29,405,217,30,188,25,0,1,2,,32,446,296,40,150,29,0,2,2,0
15,2022,2022-12-18,15,ARI,0,DEN,1,Denver Broncos,24,324,154,26,170,33,3,1,6,3,15,240,167,39,73,18,1,0,3,1
15,2022,2022-12-18,15,ARI,0,DEN,0,Arizona Cardinals,15,240,167,39,73,18,1,0,3,1,24,324,154,26,170,33,3,1,6,3
15,2022,2022-12-18,15,NO,,ATL,1,New Orleans Saints,21,348,214,19,134,34,0,2,2,,18,320,89,26,231,39,0,1,4,0
15,2022,2022-12-18,15,NO,,ATL,0,Atlanta Falcons,18,320,89,26,231,39,0,1,4,,21,348,214,19,134,34,0,2,2,0
15,2022,2022-12-18,15,CIN,@,TB,1,Cincinnati Bengals,34,237,164,38,73,19,2,1,2,4,23,396,312,45,84,26,1,3,0,3
15,2022,2022-12-18,15,CIN,@,TB,0,Tampa Bay Buccaneers,23,396,312,45,84,26,1,3,0,3,34,237,164,38,73,19,2,1,2,4
15,2022,2022-12-18,15,DAL,0,JAX,1,Jacksonville Jaguars,40,503,311,42,192,25,2,1,1,5,34,397,243,31,154,40,1,0,3,4
15,2022,2022-12-18,15,DAL,0,JAX,0,Dallas Cowboys,34,397,243,31,154,40,1,0,3,4,40,503,311,42,192,25,2,1,1,5
15,2022,2022-12-18,15,DET,@,NYJ,1,Detroit Lions,20,359,252,38,107,29,1,0,0,2,17,337,287,36,50,22,0,0,4,4
15,2022,2022-12-18,15,DET,@,NYJ,0,New York Jets,17,337,287,36,50,22,0,0,4,4,20,359,252,38,107,29,1,0,0,2
15,2022,2022-12-18,15,KC,@,HOU,1,Kansas City Chiefs,30,502,307,41,195,29,0,0,2,4,24,219,121,32,98,24,0,1,2,3
15,2022,2022-12-18,15,KC,@,HOU,0,Houston Texans,24,219,121,32,98,24,0,1,2,3,30,502,307,41,195,29,0,0,2,4
15,2022,2022-12-18,15,NE,0,LV,1,Las Vegas Raiders,30,308,210,41,98,24,0,1,2,3,24,318,112,32,206,29,1,1,0,3
15,2022,2022-12-18,15,NE,0,LV,0,New England Patriots,24,318,112,32,206,29,1,1,0,3,30,308,210,41,98,24,0,1,2,3
15,2022,2022-12-18,15,NYG,,WAS,1,New York Giants,20,288,160,32,128,30,0,1,0,,12,387,228,29,159,26,0,4,3,0
15,2022,2022-12-18,15,NYG,,WAS,0,Washington Commanders,12,387,228,29,159,26,0,4,3,,20,288,160,32,128,30,0,1,0,0
15,2022,2022-12-18,15,PHI,@,CHI,1,Philadelphia Eagles,25,421,315,38,106,27,0,2,1,3,20,248,95,22,153,22,2,4,5,3
15,2022,2022-12-18,15,PHI,@,CHI,0,Chicago Bears,20,248,95,22,153,22,2,4,5,3,25,421,315,38,106,27,0,2,1,3
15,2022,2022-12-18,15,PIT,@,CAR,1,Pittsburgh Steelers,24,325,169,22,156,44,0,0,1,3,16,209,179,24,30,15,0,2,4,1
15,2022,2022-12-18,15,PIT,@,CAR,0,Carolina Panthers,16,209,179,24,30,15,0,2,4,1,24,325,169,22,156,44,0,0,1,3
15,2022,2022-12-18,15,TEN,0,LAC,1,Los Angeles Chargers,17,365,291,41,74,24,1,2,3,2,14,284,157,27,127,26,2,1,4,2
15,2022,2022-12-18,15,TEN,0,LAC,0,Tennessee Titans,14,284,157,27,127,26,2,1,4,2,17,365,291,41,74,24,1,2,3,2
15,2022,2022-12-19,15,GB,,LA,1,Green Bay Packers,24,345,207,30,138,35,1,2,3,,12,156,84,21,72,17,1,1,5,0
15,2022,2022-12-19,15,GB,,LA,0,Los Angeles Rams,12,156,84,21,72,17,1,1,5,,24,345,207,30,138,35,1,2,3,0
16,2022,2022-12-22,16,JAX,,NYJ,1,Jacksonville Jaguars,19,365,218,31,147,39,0,1,1,,3,227,161,33,66,20,1,2,3,0
16,2022,2022-12-22,16,JAX,,NYJ,0,New York Jets,3,227,161,33,66,20,1,2,3,,19,365,218,31,147,39,0,1,1,0
16,2022,2022-12-24,16,BAL,,ATL,1,Baltimore Ravens,17,299,115,17,184,34,0,1,0,,9,327,212,33,115,33,0,2,2,0
16,2022,2022-12-24,16,BAL,,ATL,0,Atlanta Falcons,9,327,212,33,115,33,0,2,2,,17,299,115,17,184,34,0,1,0,0
16,2022,2022-12-24,16,BUF,,CHI,1,Buffalo Bills,35,426,172,26,254,31,2,3,1,,13,209,129,28,80,29,1,2,2,0
16,2022,2022-12-24,16,BUF,,CHI,0,Chicago Bears,13,209,129,28,80,29,1,2,2,,35,426,172,26,254,31,2,3,1,0
16,2022,2022-12-24,16,CAR,,DET,1,Carolina Panthers,37,570,250,22,320,43,0,1,0,,23,381,336,42,45,17,0,1,2,0
16,2022,2022-12-24,16,CAR,,DET,0,Detroit Lions,23,381,336,42,45,17,0,1,2,,37,570,250,22,320,43,0,1,0,0
16,2022,2022-12-24,16,CIN,,NE,1,Cincinnati Bengals,22,442,369,52,73,24,2,1,2,,18,285,224,33,61,16,0,4,4,0
16,2022,2022-12-24,16,CIN,,NE,0,New England Patriots,18,285,224,33,61,16,0,4,4,,22,442,369,52,73,24,2,1,2,0
16,2022,2022-12-24,16,NO,,CLE,1,New Orleans Saints,17,244,92,15,152,39,1,2,0,,10,249,125,31,124,34,1,0,2,0
16,2022,2022-12-24,16,NO,,CLE,0,Cleveland Browns,10,249,125,31,124,34,1,0,2,,17,244,92,15,152,39,1,2,0,0
16,2022,2022-12-24,16,HOU,,TEN,1,Houston Texans,19,285,215,32,70,30,1,2,1,,14,272,88,23,184,31,2,2,4,0
16,2022,2022-12-24,16,HOU,,TEN,0,Tennessee Titans,14,272,88,23,184,31,2,2,4,,19,285,215,32,70,30,1,2,1,0
16,2022,2022-12-24,16,KC,,SEA,1,Kansas City Chiefs,24,297,220,28,77,22,0,0,1,,10,333,200,40,133,31,1,0,2,0
16,2022,2022-12-24,16,KC,,SEA,0,Seattle Seahawks,10,333,200,40,133,31,1,0,2,,24,297,220,28,77,22,0,0,1,0
16,2022,2022-12-24,16,MIN,,NYG,1,Minnesota Vikings,27,353,270,48,83,19,0,0,4,,24,445,319,42,126,21,1,2,3,0
16,2022,2022-12-24,16,MIN,,NYG,0,New York Giants,24,445,319,42,126,21,1,2,3,,27,353,270,48,83,19,0,0,4,0
16,2022,2022-12-24,16,SF,,WAS,1,San Francisco 49ers,37,371,218,22,153,26,1,0,3,,20,349,270,34,79,33,1,1,2,0
16,2022,2022-12-24,16,SF,,WAS,0,Washington Commanders,20,349,270,34,79,33,1,1,2,,37,371,218,22,153,26,1,0,3,0
16,2022,2022-12-24,16,DAL,,PHI,1,Dallas Cowboys,40,419,304,35,115,31,1,1,6,,34,442,355,40,87,29,2,3,0,0
16,2022,2022-12-24,16,DAL,,PHI,0,Philadelphia Eagles,34,442,355,40,87,29,2,3,0,,40,419,304,35,115,31,1,1,6,0
16,2022,2022-12-24,16,PIT,,LV,1,Pittsburgh Steelers,13,350,244,39,106,27,1,0,0,,10,201,143,30,58,19,3,0,3,0
16,2022,2022-12-24,16,PIT,,LV,0,Las Vegas Raiders,10,201,143,30,58,19,3,0,3,,13,350,244,39,106,27,1,0,0,0
16,2022,2022-12-25,16,GB,,MIA,1,Green Bay Packers,26,301,222,38,79,25,1,1,2,,20,376,294,25,82,18,3,3,2,0
16,2022,2022-12-25,16,GB,,MIA,0,Miami Dolphins,20,376,294,25,82,18,3,3,2,,26,301,222,38,79,25,1,1,2,0
16,2022,2022-12-25,16,LA,,DEN,1,Los Angeles Rams,51,388,230,28,158,36,0,1,0,,14,323,219,35,104,20,4,0,6,0
16,2022,2022-12-25,16,LA,,DEN,0,Denver Broncos,14,323,219,35,104,20,4,0,6,,51,388,230,28,158,36,0,1,0,0
16,2022,2022-12-25,16,TB,,ARI,1,Tampa Bay Buccaneers,19,396,281,48,115,30,2,0,0,,16,325,204,46,121,27,1,2,1,0
16,2022,2022-12-25,16,TB,,ARI,0,Arizona Cardinals,16,325,204,46,121,27,1,2,1,,19,396,281,48,115,30,2,0,0,0
16,2022,2022-12-26,16,LAC,,IND,1,Los Angeles Chargers,20,314,213,31,101,32,1,2,4,,3,173,104,29,69,14,3,0,7,0
16,2022,2022-12-26,16,LAC,,IND,0,Indianapolis Colts,3,173,104,29,69,14,3,0,7,,20,314,213,31,101,32,1,2,4,0
17,2022,2022-12-29,17,DAL,,TEN,1,Dallas Cowboys,27,361,274,41,87,32,2,1,1,,13,317,220,39,97,24,1,2,2,0
17,2022,2022-12-29,17,DAL,,TEN,0,Tennessee Titans,13,317,220,39,97,24,1,2,2,,27,361,274,41,87,32,2,1,1,0
17,2022,2023-01-01,17,ATL,,ARI,1,Atlanta Falcons,20,298,166,26,132,34,0,1,1,,19,339,213,40,126,27,0,0,2,0
17,2022,2023-01-01,17,ATL,,ARI,0,Arizona Cardinals,19,339,213,40,126,27,0,0,2,,20,298,166,26,132,34,0,1,1,0
17,2022,2023-01-01,17,TB,,CAR,1,Tampa Bay Buccaneers,30,478,411,45,67,25,0,1,3,,24,400,326,37,74,22,1,6,2,0
17,2022,2023-01-01,17,TB,,CAR,0,Carolina Panthers,24,400,326,37,74,22,1,6,2,,30,478,411,45,67,25,0,1,3,0
17,2022,2023-01-01,17,DET,,CHI,1,Detroit Lions,41,504,239,29,265,39,0,0,2,,10,230,30,21,200,22,1,1,7,0
17,2022,2023-01-01,17,DET,,CHI,0,Chicago Bears,10,230,30,21,200,22,1,1,7,,41,504,239,29,265,39,0,0,2,0
17,2022,2023-01-01,17,CLE,,WAS,1,Cleveland Browns,24,301,155,18,146,30,0,0,5,,10,260,124,28,136,37,3,0,3,0
17,2022,2023-01-01,17,CLE,,WAS,0,Washington Commanders,10,260,124,28,136,37,3,0,3,,24,301,155,18,146,30,0,0,5,0
17,2022,2023-01-01,17,NYG,,IND,1,New York Giants,38,394,177,24,217,37,0,1,0,,10,252,124,27,128,27,1,0,2,0
17,2022,2023-01-01,17,NYG,,IND,0,Indianapolis Colts,10,252,124,27,128,27,1,0,2,,38,394,177,24,217,37,0,1,0,0
17,2022,2023-01-01,17,KC,,DEN,1,Kansas City Chiefs,27,374,328,42,46,16,1,1,0,,24,307,190,38,117,24,1,1,4,0
17,2022,2023-01-01,17,KC,,DEN,0,Denver Broncos,24,307,190,38,117,24,1,1,4,,27,374,328,42,46,16,1,1,0,0
17,2022,2023-01-01,17,JAX,,HOU,1,Jacksonville Jaguars,31,337,168,29,169,29,2,1,2,,3,277,193,44,84,21,0,1,2,0
17,2022,2023-01-01,17,JAX,,HOU,0,Houston Texans,3,277,193,44,84,21,0,1,2,,31,337,168,29,169,29,2,1,2,0
17,2022,2023-01-01,17,NE,,MIA,1,New England Patriots,23,249,173,33,76,21,0,0,3,,21,333,247,40,86,27,2,0,2,0
17,2022,2023-01-01,17,NE,,MIA,0,Miami Dolphins,21,333,247,40,86,27,2,0,2,,23,249,173,33,76,21,0,0,3,0
17,2022,2023-01-01,17,NO,,PHI,1,New Orleans Saints,20,313,184,24,129,35,1,0,7,,10,313,246,32,67,15,1,2,6,0
17,2022,2023-01-01,17,NO,,PHI,0,Philadelphia Eagles,10,313,246,32,67,15,1,2,6,,20,313,184,24,129,35,1,0,7,0
17,2022,2023-01-01,17,SEA,,NYJ,1,Seattle Seahawks,23,346,148,29,198,38,0,2,4,,6,279,204,46,75,17,2,1,4,0
17,2022,2023-01-01,17,SEA,,NYJ,0,New York Jets,6,279,204,46,75,17,2,1,4,,23,346,148,29,198,38,0,2,4,0
17,2022,2023-01-01,17,SF,,LV,1,San Francisco 49ers,37,454,284,35,170,27,1,0,0,,34,500,365,34,135,32,2,1,0,0
17,2022,2023-01-01,17,SF,,LV,0,Las Vegas Raiders,34,500,365,34,135,32,2,1,0,,37,454,284,35,170,27,1,0,0,0
17,2022,2023-01-01,17,GB,,MIN,1,Green Bay Packers,41,315,152,27,163,33,0,0,1,,17,346,244,35,102,20,3,3,2,0
17,2022,2023-01-01,17,GB,,MIN,0,Minnesota Vikings,17,346,244,35,102,20,3,3,2,,41,315,152,27,163,33,0,0,1,0
17,2022,2023-01-01,17,LAC,,LA,1,Los Angeles Chargers,31,431,239,31,192,31,0,0,0,,10,277,111,19,166,26,0,1,3,0
17,2022,2023-01-01,17,LAC,,LA,0,Los Angeles Rams,10,277,111,19,166,26,0,1,3,,31,431,239,31,192,31,0,0,0,0
17,2022,2023-01-01,17,PIT,,BAL,1,Pittsburgh Steelers,16,351,153,27,198,41,0,0,2,,13,240,120,21,120,28,1,0,1,0
17,2022,2023-01-01,17,PIT,,BAL,0,Baltimore Ravens,13,240,120,21,120,28,1,0,1,,16,351,153,27,198,41,0,0,2,0
18,2022,2023-01-07,18,KC,,LV,1,Kansas City Chiefs,31,349,181,26,168,28,0,0,2,,13,279,180,36,99,25,1,2,6,0
18,2022,2023-01-07,18,KC,,LV,0,Las Vegas Raiders,13,279,180,36,99,25,1,2,6,,31,349,181,26,168,28,0,0,2,0
18,2022,2023-01-07,18,JAX,,TEN,1,Jacksonville Jaguars,20,222,203,32,19,14,0,1,1,,16,312,165,29,147,39,1,2,4,0
18,2022,2023-01-07,18,JAX,,TEN,0,Tennessee Titans,16,312,165,29,147,39,1,2,4,,20,222,203,32,19,14,0,1,1,0
18,2022,2023-01-08,18,SF,,ARI,1,San Francisco 49ers,38,311,142,20,169,37,0,0,4,,13,255,194,27,61,20,3,1,3,0
18,2022,2023-01-08,18,SF,,ARI,0,Arizona Cardinals,13,255,194,27,61,20,3,1,3,,38,311,142,20,169,37,0,1,4,0
18,2022,2023-01-08,18,CIN,,BAL,1,Cincinnati Bengals,27,257,202,42,55,20,0,1,2,,16,386,276,44,110,27,2,2,4,0
18,2022,2023-01-08,18,CIN,,BAL,0,Baltimore Ravens,16,386,276,44,110,27,2,2,4,,27,257,202,42,55,20,0,1,2,0
18,2022,2023-01-08,18,CAR,,NO,1,Carolina Panthers,10,203,32,15,171,41,2,3,2,,7,304,161,25,143,32,0,1,1,0
18,2022,2023-01-08,18,CAR,,NO,0,New Orleans Saints,7,304,161,25,143,32,0,1,1,,10,203,32,15,171,41,2,3,2,0
18,2022,2023-01-08,18,PIT,,CLE,1,Pittsburgh Steelers,28,333,189,29,144,37,0,3,1,,14,307,173,29,134,22,2,1,7,0
18,2022,2023-01-08,18,PIT,,CLE,0,Cleveland Browns,14,307,173,29,134,22,2,1,7,,28,333,189,29,144,37,0,3,1,0
18,2022,2023-01-08,18,WAS,,DAL,1,Washington Commanders,26,309,158,19,151,41,1,1,3,,6,182,118,38,64,27,1,2,1,0
18,2022,2023-01-08,18,WAS,,DAL,0,Dallas Cowboys,6,182,118,38,64,27,1,2,1,,26,309,158,19,151,41,1,1,3,0
18,2022,2023-01-08,18,DET,,GB,1,Detroit Lions,20,323,219,34,104,25,0,1,1,,16,291,188,27,103,28,1,1,2,0
18,2022,2023-01-08,18,DET,,GB,0,Green Bay Packers,16,291,188,27,103,28,1,1,2,,20,323,219,34,104,25,0,1,1,0
18,2022,2023-01-08,18,HOU,,IND,1,Houston Texans,32,360,301,40,59,23,2,2,1,,31,398,202,35,196,33,2,4,2,0
18,2022,2023-01-08,18,HOU,,IND,0,Indianapolis Colts,31,398,202,35,196,33,2,4,2,,32,360,301,40,59,23,2,2,1,0
18,2022,2023-01-08,18,SEA,,LA,1,Seattle Seahawks,19,402,205,31,197,36,2,0,3,,16,269,123,26,146,28,1,0,5,0
18,2022,2023-01-08,18,SEA,,LA,0,Los Angeles Rams,16,269,123,26,146,28,1,0,5,,19,402,205,31,197,36,2,0,3,0
18,2022,2023-01-08,18,DEN,,LAC,1,Denver Broncos,31,471,266,24,205,36,1,3,2,,28,352,293,44,59,22,0,3,1,0
18,2022,2023-01-08,18,DEN,,LAC,0,Los Angeles Chargers,28,352,293,44,59,22,0,3,1,,31,471,266,24,205,36,1,3,2,0
18,2022,2023-01-08,18,MIN,,CHI,1,Minnesota Vikings,29,482,341,33,141,38,1,2,0,,13,259,141,27,118,22,2,0,1,0
18,2022,2023-01-08,18,MIN,,CHI,0,Chicago Bears,13,259,141,27,118,22,2,0,1,,29,482,341,33,141,38,1,2,0,0
18,2022,2023-01-08,18,BUF,,NE,1,Buffalo Bills,35,327,237,31,90,25,1,2,2,,23,341,234,40,107,23,3,1,1,0
18,2022,2023-01-08,18,BUF,,NE,0,New England Patriots,23,341,234,40,107,23,3,1,1,,35,327,237,31,90,25,1,2,2,0
18,2022,2023-01-08,18,PHI,,NYG,1,Philadelphia Eagles,22,342,207,35,135,34,1,0,3,,16,284,155,40,129,21,0,0,2,0
18,2022,2023-01-08,18,PHI,,NYG,0,New York Giants,16,284,155,40,129,21,0,0,2,,22,342,207,35,135,34,1,0,3,0
18,2022,2023-01-08,18,MIA,,NYJ,1,Miami Dolphins,11,302,140,31,162,32,0,1,1,,6,187,149,33,38,20,0,2,0,0
18,2022,2023-01-08,18,MIA,,NYJ,0,New York Jets,6,187,149,33,38,20,0,2,0,,11,302,140,31,162,32,0,1,1,0
18,2023,2024-01-06,18,PIT,@,BAL,0,Pittsburgh Steelers,17,289,0,0,289,0,0,0,0,0,10,224,0,0,224,0,0,0,0,0
18,2023,2024-01-06,18,HOU,@,IND,1,Houston Texans,23,306,0,0,306,0,0,0,0,0,19,360,0,0,360,0,0,0,0,0
18,2023,2024-01-07,18,ATL,0,NO,1,New Orleans Saints,48,400,0,0,400,0,0,0,0,0,17,389,0,0,389,0,0,0,0,0
18,2023,2024-01-07,18,TB,@,CAR,0,Tampa Bay Buccaneers,9,228,0,0,228,0,0,0,0,0,0,199,0,0,199,0,0,0,0,0
18,2023,2024-01-07,18,CLE,0,CIN,1,Cincinnati Bengals,31,328,0,0,328,0,0,0,0,0,14,244,0,0,244,0,0,0,0,0
18,2023,2024-01-07,18,MIN,0,DET,0,Detroit Lions,30,381,0,0,381,0,0,0,0,0,20,448,0,0,448,0,0,0,0,0
18,2023,2024-01-07,18,JAX,0,TEN,1,Tennessee Titans,28,327,0,0,327,0,0,0,0,0,20,362,0,0,362,0,0,0,0,0
18,2023,2024-01-07,18,NYJ,@,NE,0,New York Jets,17,254,0,0,254,0,0,0,0,0,3,119,0,0,119,0,0,0,0,0
18,2023,2024-01-07,18,CHI,0,GB,0,Green Bay Packers,17,432,0,0,432,0,0,0,0,0,9,192,0,0,192,0,0,0,0,0
18,2023,2024-01-07,18,SEA,@,ARI,1,Seattle Seahawks,21,327,0,0,327,0,0,0,0,0,20,466,0,0,466,0,0,0,0,0
18,2023,2024-01-07,18,DAL,@,WAS,1,Dallas Cowboys,38,440,0,0,440,0,0,0,0,0,10,180,0,0,180,0,0,0,0,0
18,2022,2023-01-08,18,ATL,,TB,0,Atlanta Falcons,30,382,208,30,174,35,0,1,2,,17,222,136,34,86,20,0,1,0,0
18,2022,2023-01-08,18,ATL,,TB,0,Tampa Bay Buccaneers,17,222,136,34,86,20,0,1,0,,30,382,208,30,174,35,0,1,2,0
19,2023,2023-09-07,1,DET,@,KC,1,Detroit Lions,21,368,250,35,118,29,0,0,1,3,20,316,226,42,90,16,1,0,0,2
19,2023,2023-09-07,1,DET,@,KC,0,Kansas City Chiefs,20,316,226,42,90,16,1,0,0,2,21,368,250,35,118,29,0,0,1,3
19,2023,2023-09-10,1,ARI,0,WAS,1,Washington Commanders,20,248,166,34,82,26,1,1,6,3,16,210,110,33,100,24,0,2,2,0
19,2023,2023-09-10,1,ARI,0,WAS,0,Arizona Cardinals,16,210,110,33,100,24,0,2,2,0,20,248,166,34,82,26,1,1,6,3
19,2023,2023-09-10,1,CAR,0,ATL,1,Atlanta Falcons,24,221,92,19,129,26,0,0,3,3,10,281,119,41,162,30,2,2,2,1
19,2023,2023-09-10,1,CAR,0,ATL,0,Carolina Panthers,10,281,119,41,162,30,2,2,2,1,24,221,92,19,129,26,0,0,3,3
19,2023,2023-09-10,1,CIN,0,CLE,1,Cleveland Browns,24,350,144,29,206,37,1,1,3,2,3,142,67,34,75,18,0,0,2,0
19,2023,2023-09-10,1,CIN,0,CLE,0,Cincinnati Bengals,3,142,67,34,75,18,0,0,2,0,24,350,144,29,206,37,1,1,3,2
19,2023,2023-09-10,1,DAL,@,NYG,1,Dallas Cowboys,40,265,143,28,122,30,0,0,0,4,0,171,61,31,110,19,2,5,8,1
19,2023,2023-09-10,1,DAL,@,NYG,0,New York Giants,0,171,61,31,110,19,2,5,8,1,40,265,143,28,122,30,0,0,0,4
19,2023,2023-09-10,1,GB,@,CHI,1,Green Bay Packers,38,329,197,27,132,29,0,0,1,5,20,311,180,37,131,22,1,1,4,2
19,2023,2023-09-10,1,GB,@,CHI,0,Chicago Bears,20,311,180,37,131,22,1,1,4,2,38,329,197,27,132,29,0,0,1,5
19,2023,2023-09-10,1,HOU,0,BAL,1,Baltimore Ravens,25,265,151,26,114,28,1,1,3,3,9,268,192,48,76,19,0,1,4,0
19,2023,2023-09-10,1,HOU,0,BAL,0,Houston Texans,9,268,192,48,76,19,0,1,4,0,25,265,151,26,114,28,1,1,3,3
19,2023,2023-09-10,1,JAX,@,IND,1,Jacksonville Jaguars,31,342,230,33,112,33,1,1,1,5,21,280,215,41,65,23,1,2,4,2
19,2023,2023-09-10,1,JAX,@,IND,0,Indianapolis Colts,21,280,215,41,65,23,1,2,4,2,31,342,230,33,112,33,1,1,1,5
19,2023,2023-09-10,1,LA,@,SEA,1,Los Angeles Rams,30,426,329,40,97,40,0,0,0,3,13,180,95,30,85,17,0,0,2,1
19,2023,2023-09-10,1,LA,@,SEA,0,Seattle Seahawks,13,180,95,30,85,17,0,0,2,1,30,426,329,40,97,40,0,0,0,3
19,2023,2023-09-10,1,LV,@,DEN,1,Las Vegas Raiders,17,261,200,29,61,22,1,1,0,2,16,260,166,37,94,22,0,1,2,2
19,2023,2023-09-10,1,LV,@,DEN,0,Denver Broncos,16,260,166,37,94,22,0,1,2,2,17,261,200,29,61,22,1,1,0,2
19,2023,2023-09-10,1,MIA,@,LAC,1,Miami Dolphins,36,536,467,46,69,15,1,1,0,5,34,433,200,37,233,36,0,0,3,4
19,2023,2023-09-10,1,MIA,@,LAC,0,Los Angeles Chargers,34,433,200,37,233,36,0,0,3,4,36,536,467,46,69,15,1,1,0,5
19,2023,2023-09-10,1,PHI,@,NE,1,Philadelphia Eagles,25,251,150,35,101,22,0,0,4,2,20,382,318,54,64,20,1,1,2,3
19,2023,2023-09-10,1,PHI,@,NE,0,New England Patriots,20,382,318,54,64,20,1,1,2,3,25,251,150,35,101,22,0,0,4,2
19,2023,2023-09-10,1,SF,@,PIT,1,San Francisco 49ers,30,391,203,29,188,31,0,0,1,3,7,239,199,47,40,9,2,0,5,1
19,2023,2023-09-10,1,SF,@,PIT,0,Pittsburgh Steelers,7,239,199,47,40,9,2,0,5,1,30,391,203,29,188,31,0,0,1,3
19,2023,2023-09-10,1,TB,@,MIN,1,Tampa Bay Buccaneers,20,242,169,34,73,27,0,0,1,2,17,369,329,45,40,15,1,2,1,2
19,2023,2023-09-10,1,TB,@,MIN,0,Minnesota Vikings,17,369,329,45,40,15,1,2,1,2,20,242,169,34,73,27,0,0,1,2
19,2023,2023-09-10,1,TEN,0,NO,1,New Orleans Saints,16,351,282,34,69,21,1,1,4,1,15,285,181,37,104,19,3,0,3,0
19,2023,2023-09-10,1,TEN,0,NO,0,Tennessee Titans,15,285,181,37,104,19,3,0,3,0,16,351,282,34,69,21,1,1,4,1
19,2023,2023-09-11,1,BUF,0,NYJ,1,New York Jets,22,289,117,23,172,25,1,1,3,1,16,314,217,41,97,17,3,1,5,2
19,2023,2023-09-11,1,BUF,0,NYJ,0,Buffalo Bills,16,314,217,41,97,17,3,1,5,2,22,289,117,23,172,25,1,1,3,1
20,2023,2023-09-14,2,MIN,0,PHI,1,Philadelphia Eagles,34,430,171,24,259,45,1,1,4,5,28,374,349,47,25,9,0,5,1,4
20,2023,2023-09-14,2,MIN,0,PHI,0,Minnesota Vikings,28,374,349,47,25,9,0,5,1,4,34,430,171,24,259,45,1,1,4,5
20,2023,2023-09-17,2,BAL,@,CIN,1,Baltimore Ravens,27,415,229,35,186,29,0,0,1,4,24,282,216,43,66,15,1,0,1,2
20,2023,2023-09-17,2,BAL,@,CIN,0,Cincinnati Bengals,24,282,216,43,66,15,1,0,1,2,27,415,229,35,186,29,0,0,1,4
20,2023,2023-09-17,2,CHI,0,TB,1,Tampa Bay Buccaneers,27,437,338,35,99,30,0,0,0,3,17,236,158,29,78,14,2,4,5,2
20,2023,2023-09-17,2,CHI,0,TB,0,Chicago Bears,17,236,158,29,78,14,2,4,5,2,27,437,338,35,99,30,0,0,0,3
20,2023,2023-09-17,2,GB,0,ATL,1,Atlanta Falcons,25,446,247,36,199,39,1,1,1,3,24,224,140,27,84,20,0,0,1,3
20,2023,2023-09-17,2,GB,0,ATL,0,Green Bay Packers,24,224,140,27,84,20,0,0,1,3,25,446,247,36,199,39,1,1,1,3
20,2023,2023-09-17,2,IND,@,HOU,1,Indianapolis Colts,31,353,226,34,127,21,0,0,0,4,20,389,323,47,66,26,0,3,5,4
20,2023,2023-09-17,2,IND,@,HOU,0,Houston Texans,20,389,323,47,66,26,0,3,5,4,31,353,226,34,127,21,0,0,0,4
20,2023,2023-09-17,2,KC,@,JAX,1,Kansas City Chiefs,17,399,309,43,90,15,1,1,1,2,9,271,188,45,83,14,0,1,3,0
20,2023,2023-09-17,2,KC,@,JAX,0,Jacksonville Jaguars,9,271,188,45,83,14,0,1,3,0,17,399,309,43,90,15,1,1,1,2
20,2023,2023-09-17,2,LAC,0,TEN,1,Tennessee Titans,27,341,200,26,141,34,0,0,5,3,24,342,281,43,61,21,0,0,3,2
20,2023,2023-09-17,2,LAC,0,TEN,0,Los Angeles Chargers,24,342,281,43,61,21,0,0,3,2,27,341,200,26,141,34,0,0,5,3
20,2023,2023-09-17,2,LV,0,BUF,1,Buffalo Bills,38,450,251,39,199,34,1,1,2,5,10,240,185,25,55,14,2,1,0,1
20,2023,2023-09-17,2,LV,0,BUF,0,Las Vegas Raiders,10,240,185,25,55,14,2,1,0,1,38,450,251,39,199,34,1,1,2,5
20,2023,2023-09-17,2,MIA,@,NE,1,Miami Dolphins,24,389,244,31,145,27,1,1,1,3,17,288,196,44,92,23,1,1,4,2
20,2023,2023-09-17,2,MIA,@,NE,0,New England Patriots,17,288,196,44,92,23,1,1,4,2,24,389,244,31,145,27,1,1,1,3
20,2023,2023-09-17,2,NYG,@,ARI,1,New York Giants,31,439,312,37,127,22,1,1,3,5,28,379,209,34,170,28,1,0,0,3
20,2023,2023-09-17,2,NYG,@,ARI,0,Arizona Cardinals,28,379,209,34,170,28,1,0,0,3,31,439,312,37,127,22,1,1,3,5
20,2023,2023-09-17,2,NYJ,0,DAL,1,Dallas Cowboys,30,382,248,40,134,40,0,0,1,3,10,215,151,28,64,11,3,1,3,2
20,2023,2023-09-17,2,NYJ,0,DAL,0,New York Jets,10,215,151,28,64,11,3,1,3,2,30,382,248,40,134,40,0,0,1,3
20,2023,2023-09-17,2,SEA,@,DET,1,Seattle Seahawks,37,393,311,43,82,22,0,0,1,5,31,418,316,37,102,26,1,2,2,5
20,2023,2023-09-17,2,SEA,@,DET,0,Detroit Lions,31,418,316,37,102,26,1,2,2,5,37,393,311,43,82,22,0,0,1,5
20,2023,2023-09-17,2,SF,@,LA,1,San Francisco 49ers,30,365,206,27,159,28,0,0,1,3,23,386,297,55,89,19,2,0,1,2
20,2023,2023-09-17,2,SF,@,LA,0,Los Angeles Rams,23,386,297,55,89,19,2,0,1,2,30,365,206,27,159,28,0,0,1,3
20,2023,2023-09-17,2,WAS,@,DEN,1,Washington Commanders,35,388,258,42,130,21,0,0,5,4,33,399,277,33,122,21,1,2,6,4
20,2023,2023-09-17,2,WAS,@,DEN,0,Denver Broncos,33,399,277,33,122,21,1,2,6,4,35,388,258,42,130,21,0,0,5,4
20,2023,2023-09-18,2,CLE,0,PIT,1,Pittsburgh Steelers,26,255,199,30,56,18,1,1,2,2,22,408,207,41,201,33,1,2,5,3
20,2023,2023-09-18,2,CLE,0,PIT,0,Cleveland Browns,22,408,207,41,201,33,1,2,5,3,26,255,199,30,56,18,1,1,2,2
20,2023,2023-09-18,2,NO,@,CAR,1,New Orleans Saints,20,341,214,39,127,31,1,1,4,3,17,239,126,34,113,18,0,2,3,1
20,2023,2023-09-18,2,NO,@,CAR,0,Carolina Panthers,17,239,126,34,113,18,0,2,3,1,20,341,214,39,127,31,1,1,4,3
21,2023,2023-09-21,3,NYG,0,SF,1,San Francisco 49ers,30,441,300,41,141,36,0,0,2,3,12,150,121,35,29,10,1,0,2,1
21,2023,2023-09-21,3,NYG,0,SF,0,New York Giants,12,150,121,35,29,10,1,0,2,1,30,441,300,41,141,36,0,0,2,3
21,2023,2023-09-24,3,ATL,0,DET,1,Detroit Lions,20,358,243,35,115,29,1,1,1,2,6,183,145,40,38,19,0,1,6,0
21,2023,2023-09-24,3,ATL,0,DET,0,Atlanta Falcons,6,183,145,40,38,19,0,1,6,0,20,358,243,35,115,29,1,1,1,2
21,2023,2023-09-24,3,BUF,@,WAS,1,Buffalo Bills,37,386,215,32,171,28,1,1,1,4,3,230,125,31,105,13,4,1,9,0
21,2023,2023-09-24,3,BUF,@,WAS,0,Washington Commanders,3,230,125,31,105,13,4,1,9,0,37,386,215,32,171,28,1,1,1,4
21,2023,2023-09-24,3,CAR,0,SEA,1,Seattle Seahawks,37,425,279,38,146,28,1,1,2,3,27,378,342,62,36,13,0,0,3,3
21,2023,2023-09-24,3,CAR,0,SEA,0,Carolina Panthers,27,378,342,62,36,13,0,0,3,3,37,425,279,38,146,28,1,1,2,3
21,2023,2023-09-24,3,CHI,0,KC,1,Kansas City Chiefs,41,456,304,40,152,32,2,2,0,7,10,203,88,22,115,22,1,1,3,1
21,2023,2023-09-24,3,CHI,0,KC,0,Chicago Bears,10,203,88,22,115,22,1,1,3,1,41,456,304,40,152,32,2,2,0,7
21,2023,2023-09-24,3,DAL,0,ARI,1,Arizona Cardinals,28,400,178,26,222,28,0,0,3,3,16,416,231,45,185,31,1,1,2,1
21,2023,2023-09-24,3,DAL,0,ARI,0,Dallas Cowboys,16,416,231,45,185,31,1,1,2,1,28,400,178,26,222,28,0,0,3,3
21,2023,2023-09-24,3,DEN,0,MIA,1,Miami Dolphins,70,726,376,29,350,43,0,0,0,11,20,363,298,41,65,20,1,3,1,4
21,2023,2023-09-24,3,DEN,0,MIA,0,Denver Broncos,20,363,298,41,65,20,1,3,1,4,70,726,376,29,350,43,0,0,0,11
21,2023,2023-09-24,3,HOU,@,JAX,1,Houston Texans,37,366,284,30,82,25,0,0,0,4,17,404,290,45,114,25,1,1,0,2
21,2023,2023-09-24,3,HOU,@,JAX,0,Jacksonville Jaguars,17,404,290,45,114,25,1,1,0,2,37,366,284,30,82,25,0,0,0,4
21,2023,2023-09-24,3,IND,@,BAL,1,Indianapolis Colts,22,327,193,44,134,35,0,0,4,1,19,364,174,31,190,31,0,4,2,2
21,2023,2023-09-24,3,IND,@,BAL,0,Baltimore Ravens,19,364,174,31,190,31,0,4,2,2,22,327,193,44,134,35,0,0,4,1
21,2023,2023-09-24,3,LAC,@,MIN,1,Los Angeles Chargers,28,475,445,49,30,14,0,0,0,4,24,475,345,53,130,25,1,1,4,3
21,2023,2023-09-24,3,LAC,@,MIN,0,Minnesota Vikings,24,475,345,53,130,25,1,1,4,3,28,475,445,49,30,14,0,0,0,4
21,2023,2023-09-24,3,NE,@,NYJ,1,New England Patriots,15,358,201,30,157,40,0,0,0,1,10,171,133,36,38,21,0,1,3,1
21,2023,2023-09-24,3,NE,@,NYJ,0,New York Jets,10,171,133,36,38,21,0,1,3,1,15,358,201,30,157,40,0,0,0,1
21,2023,2023-09-24,3,NO,0,GB,1,Green Bay Packers,18,340,245,48,95,21,1,1,1,3,17,252,175,34,77,23,0,0,4,1
21,2023,2023-09-24,3,NO,0,GB,0,New Orleans Saints,17,252,175,34,77,23,0,0,4,1,18,340,245,48,95,21,1,1,1,3
21,2023,2023-09-24,3,PIT,@,LV,1,Pittsburgh Steelers,23,333,228,29,105,29,0,0,1,2,18,362,287,46,75,18,3,1,5,2
21,2023,2023-09-24,3,PIT,@,LV,0,Las Vegas Raiders,18,362,287,46,75,18,3,1,5,2,23,333,228,29,105,29,0,0,1,2
21,2023,2023-09-24,3,TEN,0,CLE,1,Cleveland Browns,27,341,277,37,64,28,0,0,2,3,3,94,65,27,29,15,0,1,4,0
21,2023,2023-09-24,3,TEN,0,CLE,0,Tennessee Titans,3,94,65,27,29,15,0,1,4,0,27,341,277,37,64,28,0,0,2,3
21,2023,2023-09-25,3,LA,0,CIN,1,Cincinnati Bengals,19,309,242,51,67,20,1,1,2,1,16,292,204,34,88,12,2,0,8,2
21,2023,2023-09-25,3,LA,0,CIN,0,Los Angeles Rams,16,292,204,34,88,12,2,0,8,2,19,309,242,51,67,20,1,1,2,1
21,2023,2023-09-25,3,PHI,@,TB,1,Philadelphia Eagles,25,472,271,39,201,38,2,2,1,2,11,174,133,27,41,16,1,2,1,1
21,2023,2023-09-25,3,PHI,@,TB,0,Tampa Bay Buccaneers,11,174,133,27,41,16,1,2,1,1,25,472,271,39,201,38,2,2,1,2
22,2023,2023-09-28,4,DET,@,GB,1,Detroit Lions,34,401,190,29,211,42,1,1,2,4,20,230,203,38,27,11,2,1,5,2
22,2023,2023-09-28,4,DET,@,GB,0,Green Bay Packers,20,230,203,38,27,11,2,1,5,2,34,401,190,29,211,42,1,1,2,4
22,2023,2023-10-01,4,ARI,0,SF,1,San Francisco 49ers,35,395,271,23,124,29,0,0,1,5,16,362,257,43,105,20,0,1,1,2
22,2023,2023-10-01,4,ARI,0,SF,0,Arizona Cardinals,16,362,257,43,105,20,0,1,1,2,35,395,271,23,124,29,0,0,1,5
22,2023,2023-10-01,4,ATL,0,JAX,1,Jacksonville Jaguars,23,300,194,32,106,25,0,0,2,2,7,287,161,32,126,21,2,2,3,1
22,2023,2023-10-01,4,ATL,0,JAX,0,Atlanta Falcons,7,287,161,32,126,21,2,2,3,1,23,300,194,32,106,25,0,0,2,2
22,2023,2023-10-01,4,BAL,@,CLE,1,Baltimore Ravens,28,296,154,22,142,28,0,0,3,4,3,166,73,38,93,22,3,1,3,0
22,2023,2023-10-01,4,BAL,@,CLE,0,Cleveland Browns,3,166,73,38,93,22,3,1,3,0,28,296,154,22,142,28,0,0,3,4
22,2023,2023-10-01,4,CIN,0,TEN,1,Tennessee Titans,27,400,220,28,180,29,1,1,4,3,3,211,130,30,81,16,0,2,2,0
22,2023,2023-10-01,4,CIN,0,TEN,0,Cincinnati Bengals,3,211,130,30,81,16,0,2,2,0,27,400,220,28,180,29,1,1,4,3
22,2023,2023-10-01,4,DEN,@,CHI,1,Denver Broncos,31,311,214,28,97,16,0,0,1,3,28,471,313,37,158,29,1,1,3,5
22,2023,2023-10-01,4,DEN,@,CHI,0,Chicago Bears,28,471,313,37,158,29,1,1,3,5,31,311,214,28,97,16,0,0,1,3
22,2023,2023-10-01,4,KC,@,NYJ,1,Kansas City Chiefs,23,401,179,33,222,27,3,3,1,2,20,336,228,40,108,14,0,2,2,2
22,2023,2023-10-01,4,KC,@,NYJ,0,New York Jets,20,336,228,40,108,14,0,2,2,2,23,401,179,33,222,27,3,3,1,2
22,2023,2023-10-01,4,LA,@,IND,1,Los Angeles Rams,29,467,316,43,151,35,1,1,2,3,23,329,188,26,141,27,0,3,2,3
22,2023,2023-10-01,4,LA,@,IND,0,Indianapolis Colts,23,329,188,26,141,27,0,3,2,3,29,467,316,43,151,35,1,1,2,3
22,2023,2023-10-01,4,LV,0,LAC,1,Los Angeles Chargers,24,305,125,24,180,28,1,1,2,3,17,264,189,42,75,24,1,3,4,3
22,2023,2023-10-01,4,LV,0,LAC,0,Las Vegas Raiders,17,264,189,42,75,24,1,3,4,3,24,305,125,24,180,28,1,1,2,3
22,2023,2023-10-01,4,MIA,0,BUF,1,Buffalo Bills,48,414,310,26,104,24,0,0,2,6,20,393,238,39,155,18,1,5,4,4
22,2023,2023-10-01,4,MIA,0,BUF,0,Miami Dolphins,20,393,238,39,155,18,1,5,4,4,48,414,310,26,104,24,0,0,2,6
22,2023,2023-10-01,4,MIN,@,CAR,1,Minnesota Vikings,21,265,130,23,135,22,2,2,2,3,13,232,157,36,75,29,0,2,4,2
22,2023,2023-10-01,4,MIN,@,CAR,0,Carolina Panthers,13,232,157,36,75,29,0,2,4,2,21,265,130,23,135,22,2,2,2,3
22,2023,2023-10-01,4,NE,0,DAL,1,Dallas Cowboys,38,377,253,36,124,27,0,0,3,3,3,253,198,30,55,21,2,1,1,1
22,2023,2023-10-01,4,NE,0,DAL,0,New England Patriots,3,253,198,30,55,21,2,1,1,1,38,377,253,36,124,27,0,0,3,3
22,2023,2023-10-01,4,PIT,0,HOU,1,Houston Texans,30,451,312,31,139,36,0,0,0,5,6,225,111,31,114,24,2,2,3,0
22,2023,2023-10-01,4,PIT,0,HOU,0,Pittsburgh Steelers,6,225,111,31,114,24,2,2,3,0,30,451,312,31,139,36,0,0,0,5
22,2023,2023-10-01,4,TB,@,NO,1,Tampa Bay Buccaneers,26,353,239,35,114,26,1,1,1,3,9,197,121,41,76,17,1,2,3,0
22,2023,2023-10-01,4,TB,@,NO,0,New Orleans Saints,9,197,121,41,76,17,1,2,3,0,26,353,239,35,114,26,1,1,1,3
22,2023,2023-10-01,4,WAS,0,PHI,1,Philadelphia Eagles,34,415,311,39,104,24,0,0,3,3,31,365,258,44,107,23,0,2,5,4
22,2023,2023-10-01,4,WAS,0,PHI,0,Washington Commanders,31,365,258,44,107,23,0,2,5,4,34,415,311,39,104,24,0,0,3,3
22,2023,2023-10-02,4,SEA,@,NYG,1,Seattle Seahawks,24,281,168,28,113,24,0,0,2,5,3,248,135,34,113,23,2,2,9,0
22,2023,2023-10-02,4,SEA,@,NYG,0,New York Giants,3,248,135,34,113,23,2,2,9,0,24,281,168,28,113,24,0,0,2,5
23,2023,2023-10-05,5,CHI,@,WAS,1,Chicago Bears,40,451,272,29,179,31,0,0,3,4,20,388,359,53,29,6,1,1,5,2
23,2023,2023-10-05,5,CHI,@,WAS,0,Washington Commanders,20,388,359,53,29,6,1,1,5,2,40,451,272,29,179,31,0,0,3,4
23,2023,2023-10-08,5,BAL,0,PIT,1,Pittsburgh Steelers,17,289,202,32,87,24,0,0,3,1,10,335,165,38,170,23,1,3,4,1
23,2023,2023-10-08,5,BAL,0,PIT,0,Baltimore Ravens,10,335,165,38,170,23,1,3,4,1,17,289,202,32,87,24,0,0,3,1
23,2023,2023-10-08,5,CAR,0,DET,1,Detroit Lions,42,377,218,28,159,27,0,0,2,6,24,342,243,46,99,23,2,2,1,3
23,2023,2023-10-08,5,CAR,0,DET,0,Carolina Panthers,24,342,243,46,99,23,2,2,1,3,42,377,218,28,159,27,0,0,2,6
23,2023,2023-10-08,5,CIN,@,ARI,1,Cincinnati Bengals,34,380,288,48,92,28,1,1,3,5,20,294,145,32,149,21,2,1,2,3
23,2023,2023-10-08,5,CIN,@,ARI,0,Arizona Cardinals,20,294,145,32,149,21,2,1,2,3,34,380,288,48,92,28,1,1,3,5
23,2023,2023-10-08,5,DAL,0,SF,1,San Francisco 49ers,42,421,251,29,170,40,0,0,1,6,10,197,140,26,57,18,3,1,4,1
23,2023,2023-10-08,5,DAL,0,SF,0,Dallas Cowboys,10,197,140,26,57,18,3,1,4,1,42,421,251,29,170,40,0,0,1,6
23,2023,2023-10-08,5,HOU,0,ATL,1,Atlanta Falcons,21,447,351,38,96,33,0,0,0,2,19,313,249,36,64,23,0,0,0,1
23,2023,2023-10-08,5,HOU,0,ATL,0,Houston Texans,19,313,249,36,64,23,0,0,0,1,21,447,351,38,96,33,0,0,0,2
23,2023,2023-10-08,5,JAX,@,BUF,1,Jacksonville Jaguars,25,474,283,42,191,34,0,0,2,3,20,388,351,43,37,11,1,1,1,4
23,2023,2023-10-08,5,JAX,@,BUF,0,Buffalo Bills,20,388,351,43,37,11,1,1,1,4,25,474,283,42,191,34,0,0,2,3
23,2023,2023-10-08,5,KC,@,MIN,1,Kansas City Chiefs,27,333,266,41,67,20,0,0,2,3,20,329,259,50,70,16,0,2,3,2
23,2023,2023-10-08,5,KC,@,MIN,0,Minnesota Vikings,20,329,259,50,70,16,0,2,3,2,27,333,266,41,67,20,0,0,2,3
23,2023,2023-10-08,5,NO,@,NE,1,New Orleans Saints,34,304,168,26,136,38,0,0,2,4,0,156,111,33,45,18,2,1,2,0
23,2023,2023-10-08,5,NO,@,NE,0,New England Patriots,0,156,111,33,45,18,2,1,2,0,34,304,168,26,136,38,0,0,2,4
23,2023,2023-10-08,5,NYG,0,MIA,1,Miami Dolphins,31,524,302,29,222,21,2,2,1,4,16,268,170,34,98,27,0,1,8,1
23,2023,2023-10-08,5,NYG,0,MIA,0,New York Giants,16,268,170,34,98,27,0,1,8,1,31,524,302,29,222,21,2,2,1,4
23,2023,2023-10-08,5,NYJ,@,DEN,1,New York Jets,31,407,175,27,232,30,1,1,2,1,21,308,164,31,144,17,0,4,3,3
23,2023,2023-10-08,5,NYJ,@,DEN,0,Denver Broncos,21,308,164,31,144,17,0,4,3,3,31,407,175,27,232,30,1,1,2,1
23,2023,2023-10-08,5,PHI,@,LA,1,Philadelphia Eagles,23,454,295,39,159,35,1,1,1,2,14,249,202,38,47,14,1,1,4,2
23,2023,2023-10-08,5,PHI,@,LA,0,Los Angeles Rams,14,249,202,38,47,14,1,1,4,2,23,454,295,39,159,35,1,1,1,2
23,2023,2023-10-08,5,TEN,0,IND,1,Indianapolis Colts,23,429,240,30,189,33,0,0,0,2,16,348,259,36,89,21,1,0,1,1
23,2023,2023-10-08,5,TEN,0,IND,0,Tennessee Titans,16,348,259,36,89,21,1,0,1,1,23,429,240,30,189,33,0,0,0,2
23,2023,2023-10-09,5,GB,0,LV,1,Las Vegas Raiders,17,279,172,30,107,26,1,1,4,2,13,285,174,30,111,23,3,0,2,1
23,2023,2023-10-09,5,GB,0,LV,0,Green Bay Packers,13,285,174,30,111,23,3,0,2,1,17,279,172,30,107,26,1,1,4,2
24,2023,2023-10-12,6,DEN,0,KC,1,Kansas City Chiefs,19,389,270,43,119,19,2,2,2,1,8,197,71,24,126,20,2,2,4,1
24,2023,2023-10-12,6,DEN,0,KC,0,Denver Broncos,8,197,71,24,126,20,2,2,4,1,19,389,270,43,119,19,2,2,2,1
24,2023,2023-10-15,6,ARI,0,LA,1,Los Angeles Rams,26,382,203,23,179,28,0,0,3,2,9,345,204,41,141,27,1,2,2,0
24,2023,2023-10-15,6,ARI,0,LA,0,Arizona Cardinals,9,345,204,41,141,27,1,2,2,0,26,382,203,23,179,28,0,0,3,2
24,2023,2023-10-15,6,BAL,@,TEN,1,Baltimore Ravens,24,360,221,30,139,32,1,1,1,1,16,233,101,27,132,16,1,0,7,1
24,2023,2023-10-15,6,BAL,@,TEN,0,Tennessee Titans,16,233,101,27,132,16,1,0,7,1,24,360,221,30,139,32,1,1,1,1
24,2023,2023-10-15,6,CAR,0,MIA,1,Miami Dolphins,42,424,262,33,162,30,1,1,0,6,21,296,170,38,126,25,0,1,4,3
24,2023,2023-10-15,6,CAR,0,MIA,0,Carolina Panthers,21,296,170,38,126,25,0,1,4,3,42,424,262,33,162,30,1,1,0,6
24,2023,2023-10-15,6,DET,@,TB,1,Detroit Lions,20,380,340,44,40,21,0,0,3,2,6,251,205,39,46,14,1,0,1,0
24,2023,2023-10-15,6,DET,@,TB,0,Tampa Bay Buccaneers,6,251,205,39,46,14,1,0,1,0,20,380,340,44,40,21,0,0,3,2
24,2023,2023-10-15,6,IND,0,JAX,1,Jacksonville Jaguars,37,233,148,32,85,22,1,1,3,4,20,354,307,58,47,15,4,1,2,2
24,2023,2023-10-15,6,IND,0,JAX,0,Indianapolis Colts,20,354,307,58,47,15,4,1,2,2,37,233,148,32,85,22,1,1,3,4
24,2023,2023-10-15,6,MIN,@,CHI,1,Minnesota Vikings,19,220,167,32,53,22,0,0,0,1,13,275,114,25,161,32,2,3,4,2
24,2023,2023-10-15,6,MIN,@,CHI,0,Chicago Bears,13,275,114,25,161,32,2,3,4,2,19,220,167,32,53,22,0,0,0,1
24,2023,2023-10-15,6,NE,0,LV,1,Las Vegas Raiders,21,348,264,35,84,31,1,1,0,1,17,259,235,35,24,20,1,0,4,3
24,2023,2023-10-15,6,NE,0,LV,0,New England Patriots,17,259,235,35,24,20,1,0,4,3,21,348,264,35,84,31,1,1,0,1
24,2023,2023-10-15,6,NO,0,HOU,1,Houston Texans,20,297,177,30,120,29,1,1,2,2,13,430,341,55,89,25,1,0,2,1
24,2023,2023-10-15,6,NO,0,HOU,0,New Orleans Saints,13,430,341,55,89,25,1,0,2,1,20,297,177,30,120,29,1,1,2,2
24,2023,2023-10-15,6,NYG,0,BUF,1,Buffalo Bills,14,297,169,32,128,27,1,1,0,2,9,317,185,37,132,29,0,1,2,0
24,2023,2023-10-15,6,NYG,0,BUF,0,New York Giants,9,317,185,37,132,29,0,1,2,0,14,297,169,32,128,27,1,1,0,2
24,2023,2023-10-15,6,PHI,0,NYJ,1,New York Jets,20,244,155,37,89,18,0,0,5,1,14,348,268,46,80,19,3,2,2,2
24,2023,2023-10-15,6,PHI,0,NYJ,0,Philadelphia Eagles,14,348,268,46,80,19,3,2,2,2,20,244,155,37,89,18,0,0,5,1
24,2023,2023-10-15,6,SEA,0,CIN,1,Cincinnati Bengals,17,214,168,36,46,13,1,1,3,2,13,384,297,44,87,22,2,0,4,1
24,2023,2023-10-15,6,SEA,0,CIN,0,Seattle Seahawks,13,384,297,44,87,22,2,0,4,1,17,214,168,36,46,13,1,1,3,2
24,2023,2023-10-15,6,SF,0,CLE,1,Cleveland Browns,19,334,174,38,160,32,2,2,2,2,17,215,109,31,106,25,1,1,2,2
24,2023,2023-10-15,6,SF,0,CLE,0,San Francisco 49ers,17,215,109,31,106,25,1,1,2,2,19,334,174,38,160,32,2,2,2,2
24,2023,2023-10-15,6,WAS,@,ATL,1,Washington Commanders,24,193,134,24,59,18,0,0,5,3,16,402,288,47,114,27,3,1,3,2
24,2023,2023-10-15,6,WAS,@,ATL,0,Atlanta Falcons,16,402,288,47,114,27,3,1,3,2,24,193,134,24,59,18,0,0,5,3
24,2023,2023-10-16,6,DAL,@,LAC,1,Dallas Cowboys,20,342,246,31,96,21,0,0,6,2,17,272,215,46,57,18,1,0,2,3
24,2023,2023-10-16,6,DAL,@,LAC,0,Los Angeles Chargers,17,272,215,46,57,18,1,0,2,3,20,342,246,31,96,21,0,0,6,2
25,2023,2023-10-19,7,JAX,@,NO,1,Jacksonville Jaguars,31,330,205,30,125,18,1,1,0,4,24,407,295,57,112,28,1,1,0,2
25,2023,2023-10-19,7,JAX,@,NO,0,New Orleans Saints,24,407,295,57,112,28,1,1,0,2,31,330,205,30,125,18,1,1,0,4
25,2023,2023-10-22,7,ARI,0,SEA,1,Seattle Seahawks,20,318,185,25,133,27,1,1,2,2,10,249,87,35,162,23,1,3,4,1
25,2023,2023-10-22,7,ARI,0,SEA,0,Arizona Cardinals,10,249,87,35,162,23,1,3,4,1,20,318,185,25,133,27,1,1,2,2
25,2023,2023-10-22,7,ATL,@,TB,1,Atlanta Falcons,16,401,258,26,143,35,0,0,0,2,13,329,257,48,72,20,1,2,2,1
25,2023,2023-10-22,7,ATL,@,TB,0,Tampa Bay Buccaneers,13,329,257,48,72,20,1,2,2,1,16,401,258,26,143,35,0,0,0,2
25,2023,2023-10-22,7,BUF,0,NE,1,New England Patriots,29,364,262,32,102,22,0,0,1,3,25,339,258,44,81,21,1,1,1,4
25,2023,2023-10-22,7,BUF,0,NE,0,Buffalo Bills,25,339,258,44,81,21,1,1,1,4,29,364,262,32,102,22,0,0,1,3
25,2023,2023-10-22,7,CLE,@,IND,1,Cleveland Browns,39,316,153,37,163,30,4,4,2,3,38,456,278,24,178,37,1,3,1,6
25,2023,2023-10-22,7,CLE,@,IND,0,Indianapolis Colts,38,456,278,24,178,37,1,3,1,6,39,316,153,37,163,30,4,4,2,3
25,2023,2023-10-22,7,DET,0,BAL,1,Baltimore Ravens,38,503,357,32,146,21,0,0,0,5,6,337,245,55,92,14,1,2,3,1
25,2023,2023-10-22,7,DET,0,BAL,0,Detroit Lions,6,337,245,55,92,14,1,2,3,1,38,503,357,32,146,21,0,0,0,5
25,2023,2023-10-22,7,GB,0,DEN,1,Denver Broncos,19,339,194,31,145,25,0,0,1,2,17,331,194,33,137,29,1,0,0,2
25,2023,2023-10-22,7,GB,0,DEN,0,Green Bay Packers,17,331,194,33,137,29,1,0,0,2,19,339,194,31,145,25,0,0,1,2
25,2023,2023-10-22,7,LAC,0,KC,1,Kansas City Chiefs,31,483,436,45,47,18,1,1,1,5,17,358,219,32,139,24,2,0,5,2
25,2023,2023-10-22,7,LAC,0,KC,0,Los Angeles Chargers,17,358,219,32,139,24,2,0,5,2,31,483,436,45,47,18,1,1,1,5
25,2023,2023-10-22,7,LV,0,CHI,1,Chicago Bears,30,323,152,29,171,36,0,0,1,5,12,235,205,48,30,15,3,0,1,2
25,2023,2023-10-22,7,LV,0,CHI,0,Las Vegas Raiders,12,235,205,48,30,15,3,0,1,2,30,323,152,29,171,36,0,0,1,5
25,2023,2023-10-22,7,MIA,0,PHI,1,Philadelphia Eagles,31,355,256,33,99,31,1,1,2,5,17,244,198,33,46,12,1,1,4,3
25,2023,2023-10-22,7,MIA,0,PHI,0,Miami Dolphins,17,244,198,33,46,12,1,1,4,3,31,355,256,33,99,31,1,1,2,5
25,2023,2023-10-22,7,PIT,@,LA,1,Pittsburgh Steelers,24,300,226,26,74,25,0,0,2,3,17,354,219,33,135,30,1,0,2,2
25,2023,2023-10-22,7,PIT,@,LA,0,Los Angeles Rams,17,354,219,33,135,30,1,0,2,2,24,300,226,26,74,25,0,0,2,3
25,2023,2023-10-22,7,WAS,0,NYG,1,New York Giants,14,356,240,29,116,26,0,0,5,2,7,273,197,43,76,19,1,1,6,1
25,2023,2023-10-22,7,WAS,0,NYG,0,Washington Commanders,7,273,197,43,76,19,1,1,6,1,14,356,240,29,116,26,0,0,5,2
25,2023,2023-10-23,7,SF,0,MIN,1,Minnesota Vikings,22,452,378,47,74,21,1,1,0,2,17,325,261,29,64,19,2,2,0,2
25,2023,2023-10-23,7,SF,0,MIN,0,San Francisco 49ers,17,325,261,29,64,19,2,2,0,2,22,452,378,47,74,21,1,1,0,2
26,2023,2023-10-26,8,TB,0,BUF,1,Buffalo Bills,24,427,312,41,115,22,1,1,2,3,18,302,209,45,93,14,0,1,4,2
26,2023,2023-10-26,8,TB,0,BUF,0,Tampa Bay Buccaneers,18,302,209,45,93,14,0,1,4,2,24,427,312,41,115,22,1,1,2,3
26,2023,2023-10-29,8,ATL,0,TEN,1,Tennessee Titans,28,375,226,31,149,30,0,0,2,4,23,342,192,35,150,22,0,1,6,2
26,2023,2023-10-29,8,ATL,0,TEN,0,Atlanta Falcons,23,342,192,35,150,22,0,1,6,2,28,375,226,31,149,30,0,0,2,4
26,2023,2023-10-29,8,BAL,@,ARI,1,Baltimore Ravens,31,268,129,31,139,27,0,0,4,4,24,310,159,38,151,29,2,1,2,3
26,2023,2023-10-29,8,BAL,@,ARI,0,Arizona Cardinals,24,310,159,38,151,29,2,1,2,3,31,268,129,31,139,27,0,0,4,4
26,2023,2023-10-29,8,CHI,0,LAC,1,Los Angeles Chargers,30,352,294,42,58,24,0,0,0,3,13,295,222,37,73,22,3,1,1,2
26,2023,2023-10-29,8,CHI,0,LAC,0,Chicago Bears,13,295,222,37,73,22,3,1,1,2,30,352,294,42,58,24,0,0,0,3
26,2023,2023-10-29,8,CIN,@,SF,1,Cincinnati Bengals,31,400,272,33,128,23,0,0,3,4,17,460,336,32,124,19,3,1,1,2
26,2023,2023-10-29,8,CIN,@,SF,0,San Francisco 49ers,17,460,336,32,124,19,3,1,1,2,31,400,272,33,128,23,0,0,3,4
26,2023,2023-10-29,8,CLE,0,SEA,1,Seattle Seahawks,24,362,248,38,114,17,2,2,0,3,20,385,237,35,148,37,2,1,2,2
26,2023,2023-10-29,8,CLE,0,SEA,0,Cleveland Browns,20,385,237,35,148,37,2,1,2,2,24,362,248,38,114,17,2,2,0,3
26,2023,2023-10-29,8,HOU,0,CAR,1,Carolina Panthers,15,224,164,33,60,23,0,0,7,1,13,229,119,25,110,29,0,1,2,3
26,2023,2023-10-29,8,HOU,0,CAR,0,Houston Texans,13,229,119,25,110,29,0,1,2,3,15,224,164,33,60,23,0,0,7,1
26,2023,2023-10-29,8,JAX,@,PIT,1,Jacksonville Jaguars,20,377,279,35,98,31,1,1,3,1,10,261,187,44,74,14,2,2,3,1
26,2023,2023-10-29,8,JAX,@,PIT,0,Pittsburgh Steelers,10,261,187,44,74,14,2,2,3,1,20,377,279,35,98,31,1,1,3,1
26,2023,2023-10-29,8,KC,0,DEN,1,Denver Broncos,24,240,76,22,164,37,0,0,5,3,9,274,202,39,72,13,2,2,4,0
26,2023,2023-10-29,8,KC,0,DEN,0,Kansas City Chiefs,9,274,202,39,72,13,2,2,4,0,24,240,76,22,164,37,0,0,5,3
26,2023,2023-10-29,8,LA,0,DAL,1,Dallas Cowboys,43,387,281,35,106,19,1,1,4,5,20,280,184,32,96,24,1,1,2,3
26,2023,2023-10-29,8,LA,0,DAL,0,Los Angeles Rams,20,280,184,32,96,24,1,1,2,3,43,387,281,35,106,19,1,1,4,5
26,2023,2023-10-29,8,MIN,@,GB,1,Minnesota Vikings,24,346,250,38,96,28,0,0,2,3,10,270,185,46,85,14,1,2,3,1
26,2023,2023-10-29,8,MIN,@,GB,0,Green Bay Packers,10,270,185,46,85,14,1,2,3,1,24,346,250,38,96,28,0,0,2,3
26,2023,2023-10-29,8,NE,0,MIA,1,Miami Dolphins,31,390,312,47,78,22,1,1,2,4,17,218,141,30,77,19,1,1,3,2
26,2023,2023-10-29,8,NE,0,MIA,0,New England Patriots,17,218,141,30,77,19,1,1,3,2,31,390,312,47,78,22,1,1,2,4
26,2023,2023-10-29,8,NO,@,IND,1,New Orleans Saints,38,511,304,29,207,34,1,1,0,5,27,371,202,43,169,24,1,1,2,4
26,2023,2023-10-29,8,NO,@,IND,0,Indianapolis Colts,27,371,202,43,169,24,1,1,2,4,38,511,304,29,207,34,1,1,0,5
26,2023,2023-10-29,8,NYJ,@,NYG,1,New York Jets,13,251,199,37,52,18,0,0,3,1,10,194,-16,16,210,49,0,1,3,1
26,2023,2023-10-29,8,NYJ,@,NYG,0,New York Giants,10,194,-16,16,210,49,0,1,3,1,13,251,199,37,52,18,0,0,3,1
26,2023,2023-10-29,8,PHI,@,WAS,1,Philadelphia Eagles,38,374,315,39,59,19,0,0,2,5,31,472,389,54,83,15,1,1,0,4
26,2023,2023-10-29,8,PHI,@,WAS,0,Washington Commanders,31,472,389,54,83,15,1,1,0,4,38,374,315,39,59,19,0,0,2,5
26,2023,2023-10-30,8,LV,0,DET,1,Detroit Lions,26,486,264,38,222,45,1,1,1,3,14,157,77,22,80,17,1,1,6,2
26,2023,2023-10-30,8,LV,0,DET,0,Las Vegas Raiders,14,157,77,22,80,17,1,1,6,2,26,486,264,38,222,45,1,1,1,3
27,2023,2023-11-02,9,TEN,0,PIT,1,Pittsburgh Steelers,20,326,160,34,166,29,0,0,0,2,16,340,229,41,111,24,1,0,5,1
27,2023,2023-11-02,9,TEN,0,PIT,0,Tennessee Titans,16,340,229,41,111,24,1,0,5,1,20,326,160,34,166,29,0,0,0,2
27,2023,2023-11-05,9,ARI,0,CLE,1,Cleveland Browns,27,326,213,31,113,34,0,0,1,3,0,58,17,21,41,17,2,1,6,0
27,2023,2023-11-05,9,ARI,0,CLE,0,Arizona Cardinals,0,58,17,21,41,17,2,1,6,0,27,326,213,31,113,34,0,0,1,3
27,2023,2023-11-05,9,BUF,0,CIN,1,Cincinnati Bengals,24,397,343,46,54,18,0,0,1,3,18,317,251,40,66,11,1,1,1,2
27,2023,2023-11-05,9,BUF,0,CIN,0,Buffalo Bills,18,317,251,40,66,11,1,1,1,2,24,397,343,46,54,18,0,0,1,3
27,2023,2023-11-05,9,CHI,0,NO,1,New Orleans Saints,24,301,214,36,87,25,0,0,0,3,17,368,208,32,160,29,3,3,1,2
27,2023,2023-11-05,9,CHI,0,NO,0,Chicago Bears,17,368,208,32,160,29,3,3,1,2,24,301,214,36,87,25,0,0,0,3
27,2023,2023-11-05,9,DAL,0,PHI,1,Philadelphia Eagles,28,292,182,26,110,27,0,0,2,4,23,406,337,47,69,16,0,2,5,5
27,2023,2023-11-05,9,DAL,0,PHI,0,Dallas Cowboys,23,406,337,47,69,16,0,2,5,5,28,292,182,26,110,27,0,0,2,4
27,2023,2023-11-05,9,IND,@,CAR,1,Indianapolis Colts,27,198,120,30,78,26,0,0,1,3,13,275,137,39,138,23,3,1,4,1
27,2023,2023-11-05,9,IND,@,CAR,0,Carolina Panthers,13,275,137,39,138,23,3,1,4,1,27,198,120,30,78,26,0,0,1,3
27,2023,2023-11-05,9,LA,0,GB,1,Green Bay Packers,20,391,207,26,184,38,0,0,3,2,3,187,121,30,66,23,1,3,1,0
27,2023,2023-11-05,9,LA,0,GB,0,Los Angeles Rams,3,187,121,30,66,23,1,3,1,0,20,391,207,26,184,38,0,0,3,2
27,2023,2023-11-05,9,MIA,0,KC,1,Kansas City Chiefs,21,267,184,31,83,19,0,0,1,3,14,292,174,36,118,21,0,3,4,3
27,2023,2023-11-05,9,MIA,0,KC,0,Miami Dolphins,14,292,174,36,118,21,0,3,4,3,21,267,184,31,83,19,0,0,1,3
27,2023,2023-11-05,9,MIN,@,ATL,1,Minnesota Vikings,31,363,214,37,149,24,0,0,2,3,28,370,260,38,110,26,1,1,1,2
27,2023,2023-11-05,9,MIN,@,ATL,0,Atlanta Falcons,28,370,260,38,110,26,1,1,1,2,31,363,214,37,149,24,0,0,2,3
27,2023,2023-11-05,9,NYG,0,LV,1,Las Vegas Raiders,30,334,209,25,125,35,0,0,0,3,6,277,154,29,123,20,2,1,8,1
27,2023,2023-11-05,9,NYG,0,LV,0,New York Giants,6,277,154,29,123,20,2,1,8,1,30,334,209,25,125,35,0,0,0,3
27,2023,2023-11-05,9,SEA,0,BAL,1,Baltimore Ravens,37,515,216,32,299,35,0,0,0,4,3,151,123,29,28,14,1,1,3,0
27,2023,2023-11-05,9,SEA,0,BAL,0,Seattle Seahawks,3,151,123,29,28,14,1,1,3,0,37,515,216,32,299,35,0,0,0,4
27,2023,2023-11-05,9,TB,0,HOU,1,Houston Texans,39,496,443,46,53,18,1,1,2,5,37,332,256,33,76,29,0,2,2,5
27,2023,2023-11-05,9,TB,0,HOU,0,Tampa Bay Buccaneers,37,332,256,33,76,29,0,2,2,5,39,496,443,46,53,18,1,1,2,5
27,2023,2023-11-05,9,WAS,@,NE,1,Washington Commanders,20,432,308,46,124,25,1,1,3,2,17,327,211,44,116,16,1,0,1,2
27,2023,2023-11-05,9,WAS,@,NE,0,New England Patriots,17,327,211,44,116,16,1,0,1,2,20,432,308,46,124,25,1,1,3,2
27,2023,2023-11-06,9,LAC,@,NYJ,1,Los Angeles Chargers,27,191,105,31,86,18,0,0,4,3,6,270,217,51,53,20,0,4,6,1
27,2023,2023-11-06,9,LAC,@,NYJ,0,New York Jets,6,270,217,51,53,20,0,4,6,1,27,191,105,31,86,18,0,0,4,3
28,2023,2023-11-09,10,CAR,0,CHI,1,Chicago Bears,16,295,162,35,133,32,0,0,0,2,13,213,170,40,43,13,0,0,3,0
28,2023,2023-11-09,10,CAR,0,CHI,0,Carolina Panthers,13,213,170,40,43,13,0,0,3,0,16,295,162,35,133,32,0,0,0,2
28,2023,2023-11-12,10,ATL,0,ARI,1,Arizona Cardinals,25,352,231,33,121,23,1,1,2,3,23,254,70,24,184,37,0,0,3,3
28,2023,2023-11-12,10,ATL,0,ARI,0,Atlanta Falcons,23,254,70,24,184,37,0,0,3,3,25,352,231,33,121,23,1,1,2,3
28,2023,2023-11-12,10,CLE,@,BAL,1,Cleveland Browns,33,373,196,37,177,28,1,1,3,3,31,306,194,26,112,20,3,0,4,5
28,2023,2023-11-12,10,CLE,@,BAL,0,Baltimore Ravens,31,306,194,26,112,20,3,0,4,5,33,373,196,37,177,28,1,1,3,3
28,2023,2023-11-12,10,DET,@,LAC,1,Detroit Lions,41,533,333,35,200,26,0,0,0,6,38,421,323,44,98,27,1,0,0,5
28,2023,2023-11-12,10,DET,@,LAC,0,Los Angeles Chargers,38,421,323,44,98,27,1,0,0,5,41,533,333,35,200,26,0,0,0,6
28,2023,2023-11-12,10,GB,0,PIT,1,Pittsburgh Steelers,23,324,114,26,210,35,1,1,2,2,19,399,282,42,117,22,2,1,1,2
28,2023,2023-11-12,10,GB,0,PIT,0,Green Bay Packers,19,399,282,42,117,22,2,1,1,2,23,324,114,26,210,35,1,1,2,2
28,2023,2023-11-12,10,HOU,@,CIN,1,Houston Texans,30,544,347,40,197,32,1,1,0,3,27,380,314,44,66,12,2,1,3,3
28,2023,2023-11-12,10,HOU,@,CIN,0,Cincinnati Bengals,27,380,314,44,66,12,2,1,3,3,30,544,347,40,197,32,1,1,0,3
28,2023,2023-11-12,10,IND,@,NE,1,Indianapolis Colts,10,264,194,31,70,25,1,1,0,1,6,340,173,27,167,34,2,1,5,0
28,2023,2023-11-12,10,IND,@,NE,0,New England Patriots,6,340,173,27,167,34,2,1,5,0,10,264,194,31,70,25,1,1,0,1
28,2023,2023-11-12,10,NO,0,MIN,1,Minnesota Vikings,27,388,214,36,174,28,1,1,2,4,19,280,214,46,66,15,3,1,2,2
28,2023,2023-11-12,10,NO,0,MIN,0,New Orleans Saints,19,280,214,46,66,15,3,1,2,2,27,388,214,36,174,28,1,1,2,4
28,2023,2023-11-12,10,NYG,0,DAL,1,Dallas Cowboys,49,640,472,45,168,30,2,2,0,7,17,172,61,29,111,16,1,0,5,2
28,2023,2023-11-12,10,NYG,0,DAL,0,New York Giants,17,172,61,29,111,16,1,0,5,2,49,640,472,45,168,30,2,2,0,7
28,2023,2023-11-12,10,NYJ,0,LV,1,Las Vegas Raiders,16,274,126,28,148,31,1,1,3,1,12,365,263,41,102,19,1,1,1,2
28,2023,2023-11-12,10,NYJ,0,LV,0,New York Jets,12,365,263,41,102,19,1,1,1,2,16,274,126,28,148,31,1,1,3,1
28,2023,2023-11-12,10,SF,@,JAX,1,San Francisco 49ers,34,437,293,30,144,27,0,0,2,4,3,221,164,35,57,15,2,2,4,1
28,2023,2023-11-12,10,SF,@,JAX,0,Jacksonville Jaguars,3,221,164,35,57,15,2,2,4,1,34,437,293,30,144,27,0,0,2,4
28,2023,2023-11-12,10,TEN,0,TB,1,Tampa Bay Buccaneers,20,340,263,31,77,27,1,1,3,2,6,209,167,42,42,15,1,0,5,0
28,2023,2023-11-12,10,TEN,0,TB,0,Tennessee Titans,6,209,167,42,42,15,1,0,5,0,20,340,263,31,77,27,1,1,3,2
28,2023,2023-11-12,10,WAS,0,SEA,1,Seattle Seahawks,29,489,364,50,125,24,0,0,2,2,26,356,288,44,68,14,0,1,3,3
28,2023,2023-11-12,10,WAS,0,SEA,0,Washington Commanders,26,356,288,44,68,14,0,1,3,3,29,489,364,50,125,24,0,0,2,2
28,2023,2023-11-13,10,DEN,@,BUF,1,Denver Broncos,24,300,183,31,117,31,0,0,4,2,22,369,178,27,191,24,2,3,0,3
28,2023,2023-11-13,10,DEN,@,BUF,0,Buffalo Bills,22,369,178,27,191,24,2,3,0,3,24,300,183,31,117,31,0,0,4,2
29,2023,2023-11-16,11,CIN,0,BAL,1,Baltimore Ravens,34,405,312,30,93,28,0,0,3,5,20,272,146,33,126,18,0,0,5,2
29,2023,2023-11-16,11,CIN,0,BAL,0,Cincinnati Bengals,20,272,146,33,126,18,0,0,5,2,34,405,312,30,93,28,0,0,3,5
29,2023,2023-11-19,11,ARI,0,HOU,1,Houston Texans,21,419,308,38,111,24,3,3,4,3,16,319,196,32,123,21,1,1,2,2
29,2023,2023-11-19,11,ARI,0,HOU,0,Arizona Cardinals,16,319,196,32,123,21,1,1,2,2,21,419,308,38,111,24,3,3,4,3
29,2023,2023-11-19,11,CHI,0,DET,1,Detroit Lions,31,338,223,36,115,20,3,3,2,4,26,334,151,26,183,41,0,2,1,2
29,2023,2023-11-19,11,CHI,0,DET,0,Chicago Bears,26,334,151,26,183,41,0,2,1,2,31,338,223,36,115,20,3,3,2,4
29,2023,2023-11-19,11,DAL,@,CAR,1,Dallas Cowboys,33,311,204,43,107,22,0,0,0,4,10,187,75,29,112,21,1,2,6,1
29,2023,2023-11-19,11,DAL,@,CAR,0,Carolina Panthers,10,187,75,29,112,21,1,2,6,1,33,311,204,43,107,22,0,0,0,4
29,2023,2023-11-19,11,LAC,0,GB,1,Green Bay Packers,23,397,308,41,89,25,0,0,2,4,20,394,244,38,150,15,0,2,2,2
29,2023,2023-11-19,11,LAC,0,GB,0,Los Angeles Chargers,20,394,244,38,150,15,0,2,2,2,23,397,308,41,89,25,0,0,2,4
29,2023,2023-11-19,11,LV,0,MIA,1,Miami Dolphins,20,422,315,39,107,27,1,1,2,2,13,296,264,42,32,17,3,1,2,2
29,2023,2023-11-19,11,LV,0,MIA,0,Las Vegas Raiders,13,296,264,42,32,17,3,1,2,2,20,422,315,39,107,27,1,1,2,2
29,2023,2023-11-19,11,MIN,0,DEN,1,Denver Broncos,21,295,273,36,22,15,0,0,2,1,20,385,121,35,264,29,2,4,2,2
29,2023,2023-11-19,11,MIN,0,DEN,0,Minnesota Vikings,20,385,121,35,264,29,2,4,2,2,21,295,273,36,22,15,0,0,2,1
29,2023,2023-11-19,11,NYG,@,WAS,1,New York Giants,31,292,201,27,91,18,0,0,9,4,19,404,232,48,172,26,4,4,4,2
29,2023,2023-11-19,11,NYG,@,WAS,0,Washington Commanders,19,404,232,48,172,26,4,4,4,2,31,292,201,27,91,18,0,0,9,4
29,2023,2023-11-19,11,NYJ,0,BUF,1,Buffalo Bills,32,393,256,35,137,35,1,1,1,3,6,155,74,32,81,15,3,2,6,1
29,2023,2023-11-19,11,NYJ,0,BUF,0,New York Jets,6,155,74,32,81,15,3,2,6,1,32,393,256,35,137,35,1,1,1,3
29,2023,2023-11-19,11,PIT,0,CLE,1,Cleveland Browns,13,259,163,43,96,25,1,1,1,1,10,249,70,29,179,23,0,0,3,1
29,2023,2023-11-19,11,PIT,0,CLE,0,Pittsburgh Steelers,10,249,70,29,179,23,0,0,3,1,13,259,163,43,96,25,1,1,1,1
29,2023,2023-11-19,11,SEA,0,LA,1,Los Angeles Rams,17,267,185,39,82,25,1,1,1,3,16,291,223,40,68,21,1,0,2,1
29,2023,2023-11-19,11,SEA,0,LA,0,Seattle Seahawks,16,291,223,40,68,21,1,0,2,1,17,267,185,39,82,25,1,1,1,3
29,2023,2023-11-19,11,TB,0,SF,1,San Francisco 49ers,27,420,305,26,115,26,0,0,4,3,14,287,220,48,67,17,1,2,3,2
29,2023,2023-11-19,11,TB,0,SF,0,Tampa Bay Buccaneers,14,287,220,48,67,17,1,2,3,2,27,420,305,26,115,26,0,0,4,3
29,2023,2023-11-19,11,TEN,0,JAX,1,Jacksonville Jaguars,34,389,261,34,128,32,0,0,1,4,14,235,143,19,92,15,0,1,2,2
29,2023,2023-11-19,11,TEN,0,JAX,0,Tennessee Titans,14,235,143,19,92,15,0,1,2,2,34,389,261,34,128,32,0,0,1,4
29,2023,2023-11-20,11,PHI,@,KC,1,Philadelphia Eagles,21,238,124,23,114,23,1,1,4,3,17,336,169,45,167,26,1,1,1,2
29,2023,2023-11-20,11,PHI,@,KC,0,Kansas City Chiefs,17,336,169,45,167,26,1,1,1,2,21,238,124,23,114,23,1,1,4,3
30,2023,2023-11-23,12,GB,@,DET,1,Green Bay Packers,29,377,268,32,109,20,0,0,0,3,22,464,320,48,144,28,0,3,1,5
30,2023,2023-11-23,12,GB,@,DET,0,Detroit Lions,22,464,320,48,144,28,0,3,1,5,29,377,268,32,109,20,0,0,0,3
30,2023,2023-11-23,12,SF,@,SEA,1,San Francisco 49ers,31,377,208,31,169,29,1,1,2,4,13,220,128,28,92,19,1,1,7,1
30,2023,2023-11-23,12,SF,@,SEA,0,Seattle Seahawks,13,220,128,28,92,19,1,1,7,1,31,377,208,31,169,29,1,1,2,4
30,2023,2023-11-23,12,WAS,0,DAL,1,Dallas Cowboys,45,431,331,33,100,19,0,0,0,6,10,376,268,47,108,26,1,0,4,1
30,2023,2023-11-23,12,WAS,0,DAL,0,Washington Commanders,10,376,268,47,108,26,1,0,4,1,45,431,331,33,100,19,0,0,0,6
30,2023,2023-11-24,12,MIA,@,NYJ,1,Miami Dolphins,34,395,228,30,167,34,2,2,2,4,13,159,130,41,29,9,2,2,6,2
30,2023,2023-11-24,12,MIA,@,NYJ,0,New York Jets,13,159,130,41,29,9,2,2,6,2,34,395,228,30,167,34,2,2,2,4
30,2023,2023-11-26,12,BAL,@,LAC,1,Baltimore Ravens,20,361,164,34,197,30,0,0,1,2,10,279,180,44,99,15,1,3,2,1
30,2023,2023-11-26,12,BAL,@,LAC,0,Los Angeles Chargers,10,279,180,44,99,15,1,3,2,1,20,361,164,34,197,30,0,0,1,2
30,2023,2023-11-26,12,BUF,0,PHI,1,Philadelphia Eagles,37,378,183,31,195,25,1,1,2,5,34,505,332,53,173,35,1,0,1,4
30,2023,2023-11-26,12,BUF,0,PHI,0,Buffalo Bills,34,505,332,53,173,35,1,0,1,4,37,378,183,31,195,25,1,1,2,5
30,2023,2023-11-26,12,CAR,0,TEN,1,Tennessee Titans,17,264,184,27,80,21,0,0,1,2,10,258,162,35,96,30,0,1,3,1
30,2023,2023-11-26,12,CAR,0,TEN,0,Carolina Panthers,10,258,162,35,96,30,0,1,3,1,17,264,184,27,80,21,0,0,1,2
30,2023,2023-11-26,12,CLE,0,DEN,1,Denver Broncos,29,294,117,25,177,34,0,0,1,3,12,269,164,44,105,18,0,5,2,1
30,2023,2023-11-26,12,CLE,0,DEN,0,Cleveland Browns,12,269,164,44,105,18,0,5,2,1,29,294,117,25,177,34,0,0,1,3
30,2023,2023-11-26,12,JAX,@,HOU,1,Jacksonville Jaguars,24,445,364,42,81,32,1,1,0,2,21,352,261,37,91,13,0,0,4,3
30,2023,2023-11-26,12,JAX,@,HOU,0,Houston Texans,21,352,261,37,91,13,0,0,4,3,24,445,364,42,81,32,1,1,0,2
30,2023,2023-11-26,12,KC,@,LV,1,Kansas City Chiefs,31,360,291,34,69,20,0,0,1,4,17,358,235,34,123,23,0,0,1,2
30,2023,2023-11-26,12,KC,@,LV,0,Las Vegas Raiders,17,358,235,34,123,23,0,0,1,2,31,360,291,34,69,20,0,0,1,4
30,2023,2023-11-26,12,LA,@,ARI,1,Los Angeles Rams,37,457,229,33,228,33,1,1,0,5,14,292,172,48,120,16,1,0,5,2
30,2023,2023-11-26,12,LA,@,ARI,0,Arizona Cardinals,14,292,172,48,120,16,1,0,5,2,37,457,229,33,228,33,1,1,0,5
30,2023,2023-11-26,12,NE,0,NYG,1,New York Giants,10,220,162,25,58,17,0,0,6,1,7,283,129,35,154,31,3,1,1,1
30,2023,2023-11-26,12,NE,0,NYG,0,New England Patriots,7,283,129,35,154,31,3,1,1,1,10,220,162,25,58,17,0,0,6,1
30,2023,2023-11-26,12,NO,0,ATL,1,Atlanta Falcons,24,396,168,21,228,37,2,2,0,3,15,444,296,41,148,28,1,2,1,0
30,2023,2023-11-26,12,NO,0,ATL,0,New Orleans Saints,15,444,296,41,148,28,1,2,1,0,24,396,168,21,228,37,2,2,0,3
30,2023,2023-11-26,12,PIT,@,CIN,1,Pittsburgh Steelers,16,421,268,36,153,28,0,0,2,1,10,222,196,27,26,9,1,1,3,1
30,2023,2023-11-26,12,PIT,@,CIN,0,Cincinnati Bengals,10,222,196,27,26,9,1,1,3,1,16,421,268,36,153,28,0,0,2,1
30,2023,2023-11-26,12,TB,0,IND,1,Indianapolis Colts,27,394,234,42,160,26,1,1,2,3,20,298,170,33,128,19,1,2,5,2
30,2023,2023-11-26,12,TB,0,IND,0,Tampa Bay Buccaneers,20,298,170,33,128,19,1,2,5,2,27,394,234,42,160,26,1,1,2,3
30,2023,2023-11-27,12,CHI,@,MIN,1,Chicago Bears,12,317,196,37,121,21,0,0,2,0,10,242,170,36,72,15,4,1,2,1
30,2023,2023-11-27,12,CHI,@,MIN,0,Minnesota Vikings,10,242,170,36,72,15,4,1,2,1,12,317,196,37,121,21,0,0,2,0
31,2023,2023-11-30,13,SEA,0,DAL,1,Dallas Cowboys,41,411,275,49,136,31,1,1,4,5,35,406,334,45,72,21,1,0,1,6
31,2023,2023-11-30,13,SEA,0,DAL,0,Seattle Seahawks,35,406,334,45,72,21,1,0,1,6,41,411,275,49,136,31,1,1,4,5
31,2023,2023-12-03,13,ARI,@,PIT,1,Arizona Cardinals,24,282,137,26,145,32,0,0,2,5,10,317,187,28,130,27,0,2,0,1
31,2023,2023-12-03,13,ARI,@,PIT,0,Pittsburgh Steelers,10,317,187,28,130,27,0,2,0,1,24,282,137,26,145,32,0,0,2,5
31,2023,2023-12-03,13,ATL,@,NYJ,1,Atlanta Falcons,13,194,104,30,90,33,1,1,3,1,8,259,189,39,70,24,1,3,1,0
31,2023,2023-12-03,13,ATL,@,NYJ,0,New York Jets,8,259,189,39,70,24,1,3,1,0,13,194,104,30,90,33,1,1,3,1
31,2023,2023-12-03,13,CAR,0,TB,1,Tampa Bay Buccaneers,21,322,119,32,203,26,1,1,2,3,18,282,152,31,130,34,1,2,3,2
31,2023,2023-12-03,13,CAR,0,TB,0,Carolina Panthers,18,282,152,31,130,34,1,2,3,2,21,322,119,32,203,26,1,1,2,3
31,2023,2023-12-03,13,CLE,0,LA,1,Los Angeles Rams,36,399,279,38,120,24,0,0,0,5,19,327,240,46,87,23,1,0,2,2
31,2023,2023-12-03,13,CLE,0,LA,0,Cleveland Browns,19,327,240,46,87,23,1,0,2,2,36,399,279,38,120,24,0,0,0,5
31,2023,2023-12-03,13,DEN,0,HOU,1,Houston Texans,22,353,257,29,96,29,1,1,4,2,17,282,164,27,118,23,3,0,3,2
31,2023,2023-12-03,13,DEN,0,HOU,0,Denver Broncos,17,282,164,27,118,23,3,0,3,2,22,353,257,29,96,29,1,1,4,2
31,2023,2023-12-03,13,DET,@,NO,1,Detroit Lions,33,347,205,26,142,27,0,0,1,4,28,362,249,29,113,34,1,1,2,5
31,2023,2023-12-03,13,DET,@,NO,0,New Orleans Saints,28,362,249,29,113,34,1,1,2,5,33,347,205,26,142,27,0,0,1,4
31,2023,2023-12-03,13,IND,@,TEN,1,Indianapolis Colts,31,355,260,42,95,21,0,0,3,2,28,381,205,37,176,40,1,4,3,4
31,2023,2023-12-03,13,IND,@,TEN,0,Tennessee Titans,28,381,205,37,176,40,1,4,3,4,31,355,260,42,95,21,0,0,3,2
31,2023,2023-12-03,13,KC,0,GB,1,Green Bay Packers,27,382,253,37,129,24,0,0,2,3,19,337,189,37,148,21,1,1,3,3
31,2023,2023-12-03,13,KC,0,GB,0,Kansas City Chiefs,19,337,189,37,148,21,1,1,3,3,27,382,253,37,129,24,0,0,2,3
31,2023,2023-12-03,13,LAC,@,NE,1,Los Angeles Chargers,6,241,212,37,29,21,0,0,0,0,0,257,109,26,148,29,0,2,5,0
31,2023,2023-12-03,13,LAC,@,NE,0,New England Patriots,0,257,109,26,148,29,0,2,5,0,6,241,212,37,29,21,0,0,0,0
31,2023,2023-12-03,13,MIA,@,WAS,1,Miami Dolphins,45,406,283,26,123,35,0,0,0,6,15,245,108,23,137,25,1,1,3,3
31,2023,2023-12-03,13,MIA,@,WAS,0,Washington Commanders,15,245,108,23,137,25,1,1,3,3,45,406,283,26,123,35,0,0,0,6
31,2023,2023-12-03,13,SF,@,PHI,1,San Francisco 49ers,42,456,310,29,146,26,0,0,2,6,19,333,281,50,52,13,0,1,3,2
31,2023,2023-12-03,13,SF,@,PHI,0,Philadelphia Eagles,19,333,281,50,52,13,0,1,3,2,42,456,310,29,146,26,0,0,2,6
31,2023,2023-12-04,13,CIN,@,JAX,1,Cincinnati Bengals,34,491,335,40,156,30,1,1,2,4,31,376,311,40,65,22,0,2,4,4
31,2023,2023-12-04,13,CIN,@,JAX,0,Jacksonville Jaguars,31,376,311,40,65,22,0,2,4,4,34,491,335,40,156,30,1,1,2,4
32,2023,2023-12-07,14,NE,@,PIT,1,New England Patriots,21,303,222,30,81,23,1,1,2,3,18,264,159,39,105,23,2,0,2,2
32,2023,2023-12-07,14,NE,@,PIT,0,Pittsburgh Steelers,18,264,159,39,105,23,2,0,2,2,21,303,222,30,81,23,1,1,2,3
32,2023,2023-12-10,14,BUF,@,KC,1,Buffalo Bills,20,327,206,43,121,23,1,1,4,2,17,346,249,44,97,19,1,2,1,3
32,2023,2023-12-10,14,BUF,@,KC,0,Kansas City Chiefs,17,346,249,44,97,19,1,2,1,3,20,327,206,43,121,23,1,1,4,2
32,2023,2023-12-10,14,CAR,0,NO,1,New Orleans Saints,28,207,110,26,97,22,1,1,1,3,6,303,99,38,204,36,0,2,3,0
32,2023,2023-12-10,14,CAR,0,NO,0,Carolina Panthers,6,303,99,38,204,36,0,2,3,0,28,207,110,26,97,22,1,1,1,3
32,2023,2023-12-10,14,DEN,@,LAC,1,Denver Broncos,24,322,217,34,105,27,0,0,2,4,7,283,208,42,75,19,1,3,4,2
32,2023,2023-12-10,14,DEN,@,LAC,0,Los Angeles Chargers,7,283,208,42,75,19,1,3,4,2,24,322,217,34,105,27,0,0,2,4
32,2023,2023-12-10,14,DET,0,CHI,1,Chicago Bears,28,336,194,36,142,23,0,0,3,3,13,267,127,37,140,23,2,3,4,2
32,2023,2023-12-10,14,DET,0,CHI,0,Detroit Lions,13,267,127,37,140,23,2,3,4,2,28,336,194,36,142,23,0,0,3,3
32,2023,2023-12-10,14,HOU,0,NYJ,1,New York Jets,30,347,268,38,79,23,0,0,4,3,6,135,56,32,79,19,0,1,4,1
32,2023,2023-12-10,14,HOU,0,NYJ,0,Houston Texans,6,135,56,32,79,19,0,1,4,1,30,347,268,38,79,23,0,0,4,3
32,2023,2023-12-10,14,IND,0,CIN,1,Cincinnati Bengals,34,385,274,27,111,30,1,1,1,5,14,272,226,40,46,18,1,0,3,3
32,2023,2023-12-10,14,IND,0,CIN,0,Indianapolis Colts,14,272,226,40,46,18,1,0,3,3,34,385,274,27,111,30,1,1,1,5
32,2023,2023-12-10,14,JAX,0,CLE,1,Cleveland Browns,31,389,303,46,86,25,1,1,0,4,27,293,235,51,58,12,3,1,4,4
32,2023,2023-12-10,14,JAX,0,CLE,0,Jacksonville Jaguars,27,293,235,51,58,12,3,1,4,4,31,389,303,46,86,25,1,1,0,4
32,2023,2023-12-10,14,LA,0,BAL,1,Baltimore Ravens,37,449,310,43,139,16,1,1,2,3,31,410,282,44,128,29,0,0,2,4
32,2023,2023-12-10,14,LA,0,BAL,0,Los Angeles Rams,31,410,282,44,128,29,0,0,2,4,37,449,310,43,139,16,1,1,2,3
32,2023,2023-12-10,14,MIN,@,LV,1,Minnesota Vikings,3,231,99,37,132,25,0,0,5,0,0,202,136,32,66,18,1,3,4,0
32,2023,2023-12-10,14,MIN,@,LV,0,Las Vegas Raiders,0,202,136,32,66,18,1,3,4,0,3,231,99,37,132,25,0,0,5,0
32,2023,2023-12-10,14,PHI,0,DAL,1,Dallas Cowboys,33,394,253,43,141,33,0,0,2,4,13,324,203,29,121,24,0,3,1,0
32,2023,2023-12-10,14,PHI,0,DAL,0,Philadelphia Eagles,13,324,203,29,121,24,0,3,1,0,33,394,253,43,141,33,0,0,2,4
32,2023,2023-12-10,14,SEA,0,SF,1,San Francisco 49ers,28,527,354,27,173,22,1,1,3,4,16,324,254,34,70,18,3,0,4,2
32,2023,2023-12-10,14,SEA,0,SF,0,Seattle Seahawks,16,324,254,34,70,18,3,0,4,2,28,527,354,27,173,22,1,1,3,4
32,2023,2023-12-10,14,TB,@,ATL,1,Tampa Bay Buccaneers,29,290,142,30,148,35,0,0,1,3,25,434,331,41,103,23,2,3,2,3
32,2023,2023-12-10,14,TB,@,ATL,0,Atlanta Falcons,25,434,331,41,103,23,2,3,2,3,29,290,142,30,148,35,0,0,1,3
32,2023,2023-12-11,14,GB,0,NYG,1,New York Giants,24,367,158,22,209,26,0,0,0,3,22,326,210,40,116,24,1,0,2,2
32,2023,2023-12-11,14,GB,0,NYG,0,Green Bay Packers,22,326,210,40,116,24,1,0,2,2,24,367,158,22,209,26,0,0,0,3
32,2023,2023-12-11,14,TEN,@,MIA,1,Tennessee Titans,28,403,327,39,76,23,1,1,1,4,27,366,212,34,154,30,0,1,4,3
32,2023,2023-12-11,14,TEN,@,MIA,0,Miami Dolphins,27,366,212,34,154,30,0,1,4,3,28,403,327,39,76,23,1,1,1,4
33,2023,2023-12-14,15,LV,,LAC,1,Las Vegas Raiders,63,378,254,36,124,26,0,0,1,,21,326,234,32,92,28,1,5,3,0
33,2023,2023-12-14,15,LV,,LAC,0,Los Angeles Chargers,21,326,234,32,92,28,1,5,3,,63,378,254,36,124,26,0,0,1,0
33,2023,2023-12-16,15,CIN,,MIN,1,Cincinnati Bengals,27,378,298,42,80,22,1,1,5,,24,424,281,34,143,30,2,0,3,0
33,2023,2023-12-16,15,CIN,,MIN,0,Minnesota Vikings,24,424,281,34,143,30,2,0,3,,27,378,298,42,80,22,1,1,5,0
33,2023,2023-12-16,15,IND,,PIT,1,Indianapolis Colts,30,372,202,28,170,34,0,0,3,,13,216,142,26,74,24,2,1,4,0
33,2023,2023-12-16,15,IND,,PIT,0,Pittsburgh Steelers,13,216,142,26,74,24,2,1,4,,30,372,202,28,170,34,0,0,3,0
33,2023,2023-12-16,15,DET,,DEN,1,Detroit Lions,42,448,263,34,185,28,0,0,2,,17,287,204,32,83,28,0,1,2,0
33,2023,2023-12-16,15,DET,,DEN,0,Denver Broncos,17,287,204,32,83,28,0,1,2,,42,448,263,34,185,28,0,0,2,0
33,2023,2023-12-17,15,CAR,,ATL,1,Carolina Panthers,9,283,154,24,129,36,0,2,3,,7,204,152,20,52,31,1,3,0,0
33,2023,2023-12-17,15,CAR,,ATL,0,Atlanta Falcons,7,204,152,20,52,31,1,3,0,,9,283,154,24,129,36,0,2,3,0
33,2023,2023-12-17,15,CLE,,CHI,1,Cleveland Browns,20,377,348,45,29,18,3,1,4,,17,236,148,40,88,27,2,4,3,0
33,2023,2023-12-17,15,CLE,,CHI,0,Chicago Bears,17,236,148,40,88,27,2,4,3,,20,377,348,45,29,18,3,1,4,0
33,2023,2023-12-17,15,TB,,GB,1,Tampa Bay Buccaneers,34,452,353,28,99,27,0,1,5,,20,321,261,39,60,17,0,2,2,0
33,2023,2023-12-17,15,TB,,GB,0,Green Bay Packers,20,321,261,39,60,17,0,2,2,,34,452,353,28,99,27,0,1,5,0
33,2023,2023-12-17,15,HOU,,TEN,1,Houston Texans,19,340,192,36,148,32,1,1,4,,16,204,138,26,66,30,1,1,7,0
33,2023,2023-12-17,15,HOU,,TEN,0,Tennessee Titans,16,204,138,26,66,30,1,1,7,,19,340,192,36,148,32,1,1,4,0
33,2023,2023-12-17,15,KC,,NE,1,Kansas City Chiefs,27,326,283,38,43,20,2,2,3,,17,206,154,31,52,16,1,2,4,0
33,2023,2023-12-17,15,KC,,NE,0,New England Patriots,17,206,154,31,52,16,1,2,4,,27,326,283,38,43,20,2,2,3,0
33,2023,2023-12-17,15,MIA,,NYJ,1,Miami Dolphins,30,290,213,26,77,28,0,0,3,,0,103,80,37,23,12,2,2,6,0
33,2023,2023-12-17,15,MIA,,NYJ,0,New York Jets,0,103,80,37,23,12,2,2,6,,30,290,213,26,77,28,0,0,3,0
33,2023,2023-12-17,15,NO,,NYG,1,New Orleans Saints,24,296,209,29,87,28,0,0,1,,6,193,133,38,60,16,0,0,7,0
33,2023,2023-12-17,15,NO,,NYG,0,New York Giants,6,193,133,38,60,16,0,0,7,,24,296,209,29,87,28,0,0,1,0
33,2023,2023-12-17,15,SF,,ARI,1,San Francisco 49ers,45,406,262,28,144,26,0,0,0,,29,436,202,39,234,30,2,5,3,0
33,2023,2023-12-17,15,SF,,ARI,0,Arizona Cardinals,29,436,202,39,234,30,2,5,3,,45,406,262,28,144,26,0,0,0,0
33,2023,2023-12-17,15,LA,,WAS,1,Los Angeles Rams,28,445,249,33,196,37,0,2,3,,20,297,218,36,79,21,1,1,1,0
33,2023,2023-12-17,15,LA,,WAS,0,Washington Commanders,20,297,218,36,79,21,1,1,1,,28,445,249,33,196,37,0,2,3,0
33,2023,2023-12-17,15,BUF,,DAL,1,Buffalo Bills,31,351,85,15,266,49,0,1,1,,10,195,106,34,89,20,1,0,3,0
33,2023,2023-12-17,15,BUF,,DAL,0,Dallas Cowboys,10,195,106,34,89,20,1,0,3,,31,351,85,15,266,49,0,1,1,0
33,2023,2023-12-17,15,BAL,,JAX,1,Baltimore Ravens,23,396,145,24,251,42,1,0,3,,7,333,258,43,75,17,0,2,1,0
33,2023,2023-12-17,15,BAL,,JAX,0,Jacksonville Jaguars,7,333,258,43,75,17,0,2,1,,23,396,145,24,251,42,1,0,3,0
33,2023,2023-12-18,15,SEA,,PHI,1,Seattle Seahawks,20,297,197,33,100,24,0,0,2,,17,321,143,31,178,38,2,0,0,0
33,2023,2023-12-18,15,SEA,,PHI,0,Philadelphia Eagles,17,321,143,31,178,38,2,0,0,,20,297,197,33,100,24,0,0,2,0
34,2023,2023-12-21,16,LA,,NO,1,Los Angeles Rams,30,458,325,34,133,32,0,0,1,,22,339,304,40,35,16,1,0,2,0
34,2023,2023-12-21,16,LA,,NO,0,New Orleans Saints,22,339,304,40,35,16,1,0,2,,30,458,325,34,133,32,0,0,1,0
34,2023,2023-12-23,16,PIT,,CIN,1,Pittsburgh Steelers,34,397,284,27,113,30,0,1,1,,11,368,309,42,59,16,3,1,3,0
34,2023,2023-12-23,16,PIT,,CIN,0,Cincinnati Bengals,11,368,309,42,59,16,3,1,3,,34,397,284,27,113,30,0,1,1,0
34,2023,2023-12-23,16,BUF,,LAC,1,Buffalo Bills,24,335,230,21,105,30,1,3,1,,22,273,175,33,98,27,0,0,5,0
34,2023,2023-12-23,16,BUF,,LAC,0,Los Angeles Chargers,22,273,175,33,98,27,0,0,5,,24,335,230,21,105,30,1,3,1,0
34,2023,2023-12-24,16,ATL,,IND,1,Atlanta Falcons,29,406,229,33,177,30,0,1,1,,10,262,170,37,92,25,1,1,6,0
34,2023,2023-12-24,16,ATL,,IND,0,Indianapolis Colts,10,262,170,37,92,25,1,1,6,,29,406,229,33,177,30,0,1,1,0
34,2023,2023-12-24,16,GB,,CAR,1,Green Bay Packers,33,369,207,28,162,34,0,1,1,,30,394,298,36,96,25,0,2,2,0
34,2023,2023-12-24,16,GB,,CAR,0,Carolina Panthers,30,394,298,36,96,25,0,2,2,,33,369,207,28,162,34,0,1,1,0
34,2023,2023-12-24,16,CLE,,HOU,1,Cleveland Browns,36,418,364,44,54,30,2,0,1,,22,250,178,49,72,16,2,1,3,0
34,2023,2023-12-24,16,CLE,,HOU,0,Houston Texans,22,250,178,49,72,16,2,1,3,,36,418,364,44,54,30,2,0,1,0
34,2023,2023-12-24,16,DET,,MIN,1,Detroit Lions,30,389,246,40,143,36,0,2,1,,24,390,373,36,17,11,4,2,4,0
34,2023,2023-12-24,16,DET,,MIN,0,Minnesota Vikings,24,390,373,36,17,11,4,2,4,,30,389,246,40,143,36,0,2,1,0
34,2023,2023-12-24,16,NYJ,,WAS,1,New York Jets,30,381,217,49,164,36,1,1,0,,28,245,143,35,102,22,2,1,1,0
34,2023,2023-12-24,16,NYJ,,WAS,0,Washington Commanders,28,245,143,35,102,22,2,1,1,,30,381,217,49,164,36,1,1,0,0
34,2023,2023-12-24,16,SEA,,TEN,1,Seattle Seahawks,20,273,215,36,58,20,0,1,3,,17,287,125,27,162,31,0,1,6,0
34,2023,2023-12-24,16,SEA,,TEN,0,Tennessee Titans,17,287,125,27,162,31,0,1,6,,20,273,215,36,58,20,0,1,3,0
34,2023,2023-12-24,16,TB,,JAX,1,Tampa Bay Buccaneers,30,335,265,35,70,36,0,0,2,,12,305,268,44,37,13,2,3,4,0
34,2023,2023-12-24,16,TB,,JAX,0,Jacksonville Jaguars,12,305,268,44,37,13,2,3,4,,30,335,265,35,70,36,0,0,2,0
34,2023,2023-12-24,16,CHI,,ARI,1,Chicago Bears,27,420,170,27,250,39,1,0,1,,16,306,213,38,93,20,0,1,2,0
34,2023,2023-12-24,16,CHI,,ARI,0,Arizona Cardinals,16,306,213,38,93,20,0,1,2,,27,420,170,27,250,39,1,0,1,0
34,2023,2023-12-24,16,MIA,,DAL,1,Miami Dolphins,22,375,284,37,91,26,0,1,1,,20,339,242,32,97,25,0,1,4,0
34,2023,2023-12-24,16,MIA,,DAL,0,Dallas Cowboys,20,339,242,32,97,25,0,1,4,,22,375,284,37,91,26,0,1,1,0
34,2023,2023-12-24,16,NE,,DEN,1,New England Patriots,26,289,230,33,59,21,0,2,2,,23,276,193,37,83,23,0,4,5,0
34,2023,2023-12-24,16,NE,,DEN,0,Denver Broncos,23,276,193,37,83,23,0,4,5,,26,289,230,33,59,21,0,2,2,0
34,2023,2023-12-25,16,LV,,KC,1,Las Vegas Raiders,20,205,48,21,157,29,0,1,2,,14,308,223,45,85,25,1,2,4,0
34,2023,2023-12-25,16,LV,,KC,0,Kansas City Chiefs,14,308,223,45,85,25,1,2,4,,20,205,48,21,157,29,0,1,2,0
34,2023,2023-12-25,16,PHI,,NYG,1,Philadelphia Eagles,33,465,295,38,170,35,1,4,1,,25,292,186,32,106,26,1,1,1,0
34,2023,2023-12-25,16,PHI,,NYG,0,New York Giants,25,292,186,32,106,26,1,1,1,,33,465,295,38,170,35,1,4,1,0
34,2023,2023-12-25,16,BAL,,SF,1,Baltimore Ravens,33,343,241,35,102,26,0,0,2,,19,429,308,46,121,18,5,0,4,0
34,2023,2023-12-25,16,BAL,,SF,0,San Francisco 49ers,19,429,308,46,121,18,5,0,4,,33,343,241,35,102,26,0,0,2,0
35,2023,2023-12-28,17,CLE,,NYJ,1,Cleveland Browns,37,428,301,29,127,28,1,4,1,,20,360,253,45,107,21,1,1,2,0
35,2023,2023-12-28,17,CLE,,NYJ,0,New York Jets,20,360,253,45,107,21,1,1,2,,37,428,301,29,127,28,1,4,1,0
35,2023,2023-12-30,17,DAL,,DET,1,Dallas Cowboys,20,384,323,38,61,21,1,2,3,,19,420,295,35,125,31,2,0,1,0
35,2023,2023-12-30,17,DAL,,DET,0,Detroit Lions,19,420,295,35,125,31,2,0,1,,20,384,323,38,61,21,1,2,3,0
35,2023,2023-12-31,17,CHI,,ATL,1,Chicago Bears,37,432,240,32,192,37,0,1,3,,17,307,173,33,134,24,4,1,2,0
35,2023,2023-12-31,17,CHI,,ATL,0,Atlanta Falcons,17,307,173,33,134,24,4,1,2,,37,432,240,32,192,37,0,1,3,0
35,2023,2023-12-31,17,BUF,,NE,1,Buffalo Bills,27,281,154,30,127,37,1,2,1,,21,294,191,26,103,24,3,1,3,0
35,2023,2023-12-31,17,BUF,,NE,0,New England Patriots,21,294,191,26,103,24,3,1,3,,27,281,154,30,127,37,1,2,1,0
35,2023,2023-12-31,17,JAX,,CAR,1,Jacksonville Jaguars,26,317,162,24,155,35,0,0,3,,0,124,67,32,57,15,1,0,6,0
35,2023,2023-12-31,17,JAX,,CAR,0,Carolina Panthers,0,124,67,32,57,15,1,0,6,,26,317,162,24,155,35,0,0,3,0
35,2023,2023-12-31,17,IND,,LV,1,Indianapolis Colts,23,349,215,23,134,29,0,1,1,,20,370,286,47,84,25,0,0,2,0
35,2023,2023-12-31,17,IND,,LV,0,Las Vegas Raiders,20,370,286,47,84,25,0,0,2,,23,349,215,23,134,29,0,1,1,0
35,2023,2023-12-31,17,ARI,,PHI,1,Arizona Cardinals,35,449,228,31,221,40,1,1,1,,31,275,184,24,91,23,1,0,0,0
35,2023,2023-12-31,17,ARI,,PHI,0,Philadelphia Eagles,31,275,184,24,91,23,1,0,0,,35,449,228,31,221,40,1,1,1,0
35,2023,2023-12-31,17,HOU,,TEN,1,Houston Texans,26,312,201,32,111,28,0,1,1,,3,187,134,26,53,21,0,1,6,0
35,2023,2023-12-31,17,HOU,,TEN,0,Tennessee Titans,3,187,134,26,53,21,0,1,6,,26,312,201,32,111,28,0,1,1,0
35,2023,2023-12-31,17,BAL,,MIA,1,Baltimore Ravens,56,491,331,22,160,32,0,1,1,,19,375,221,38,154,25,2,1,3,0
35,2023,2023-12-31,17,BAL,,MIA,0,Miami Dolphins,19,375,221,38,154,25,2,1,3,,56,491,331,22,160,32,0,1,1,0
35,2023,2023-12-31,17,NO,,TB,1,New Orleans Saints,23,310,202,34,108,35,0,0,1,,13,349,292,33,57,15,2,2,2,0
35,2023,2023-12-31,17,NO,,TB,0,Tampa Bay Buccaneers,13,349,292,33,57,15,2,2,2,,23,310,202,34,108,35,0,0,1,0
35,2023,2023-12-31,17,LA,,NYG,1,Los Angeles Rams,26,391,286,34,105,23,2,2,4,,25,389,284,41,105,20,1,1,6,0
35,2023,2023-12-31,17,LA,,NYG,0,New York Giants,25,389,284,41,105,20,1,1,6,,26,391,286,34,105,23,2,2,4,0
35,2023,2023-12-31,17,SF,,WAS,1,San Francisco 49ers,27,408,224,28,184,39,0,1,1,,10,225,163,28,62,14,2,0,1,0
35,2023,2023-12-31,17,SF,,WAS,0,Washington Commanders,10,225,163,28,62,14,2,0,1,,27,408,224,28,184,39,0,1,1,0
35,2023,2023-12-31,17,PIT,,SEA,1,Pittsburgh Steelers,30,468,266,24,202,46,0,2,1,,23,369,281,33,88,15,0,2,1,0
35,2023,2023-12-31,17,PIT,,SEA,0,Seattle Seahawks,23,369,281,33,88,15,0,2,1,,30,468,266,24,202,46,0,2,1,0
35,2023,2023-12-31,17,KC,,CIN,1,Kansas City Chiefs,25,373,241,29,132,22,0,1,2,,17,263,159,33,104,32,0,0,6,0
35,2023,2023-12-31,17,KC,,CIN,0,Cincinnati Bengals,17,263,159,33,104,32,0,0,6,,25,373,241,29,132,22,0,1,2,0
35,2023,2023-12-31,17,DEN,,LAC,1,Denver Broncos,16,313,212,32,101,33,0,0,2,,9,301,215,38,86,24,0,2,1,0
35,2023,2023-12-31,17,DEN,,LAC,0,Los Angeles Chargers,9,301,215,38,86,24,0,2,1,,16,313,212,32,101,33,0,0,2,0
35,2023,2023-12-31,17,GB,,MIN,1,Green Bay Packers,33,470,293,34,177,39,0,1,0,,10,211,144,32,67,16,1,1,4,0
35,2023,2023-12-31,17,GB,,MIN,0,Minnesota Vikings,10,211,144,32,67,16,1,1,4,,33,470,293,34,177,39,0,1,0,0
36,2023,2024-01-06,18,PIT,,BAL,1,Pittsburgh Steelers,17,289,134,20,155,39,0,6,3,,10,224,118,28,106,25,0,2,4,0
36,2023,2024-01-06,18,PIT,,BAL,0,Baltimore Ravens,10,224,118,28,106,25,0,2,4,,17,289,134,20,155,39,0,6,3,0
36,2023,2024-01-06,18,HOU,,IND,1,Houston Texans,23,306,246,26,60,28,0,0,2,,19,360,133,24,227,37,0,1,1,0
36,2023,2024-01-06,18,HOU,,IND,0,Indianapolis Colts,19,360,133,24,227,37,0,1,1,,23,306,246,26,60,28,0,0,2,0
36,2023,2024-01-07,18,NO,,ATL,1,New Orleans Saints,48,400,246,28,154,35,0,2,3,,17,389,311,34,78,25,2,1,1,0
36,2023,2024-01-07,18,NO,,ATL,0,Atlanta Falcons,17,389,311,34,78,25,2,1,1,,48,400,246,28,154,35,0,2,3,0
36,2023,2024-01-07,18,TB,,CAR,1,Tampa Bay Buccaneers,9,228,115,32,113,29,0,1,3,,0,199,68,18,131,29,0,2,3,0
36,2023,2024-01-07,18,TB,,CAR,0,Carolina Panthers,0,199,68,18,131,29,0,2,3,,9,228,115,32,113,29,0,1,3,0
36,2023,2024-01-07,18,CIN,,CLE,1,Cincinnati Bengals,31,328,145,28,183,30,1,1,3,,14,244,140,26,104,24,2,0,3,0
36,2023,2024-01-07,18,CIN,,CLE,0,Cleveland Browns,14,244,140,26,104,24,2,0,3,,31,328,145,28,183,30,1,0,3,0
36,2023,2024-01-07,18,DET,,MIN,1,Detroit Lions,30,381,311,32,70,23,0,0,1,,20,448,359,44,89,22,2,0,4,0
36,2023,2024-01-07,18,DET,,MIN,0,Minnesota Vikings,20,448,359,44,89,22,2,0,4,,30,381,311,32,70,23,0,0,1,0
36,2023,2024-01-07,18,TEN,,JAX,1,Tennessee Titans,28,327,152,27,175,26,1,1,2,,20,362,280,43,82,23,2,0,0,0
36,2023,2024-01-07,18,TEN,,JAX,0,Jacksonville Jaguars,20,362,280,43,82,23,2,0,0,,28,327,152,27,175,26,1,1,2,0
36,2023,2024-01-07,18,NYJ,,NE,1,New York Jets,17,254,69,20,185,42,0,3,1,,3,119,31,30,88,21,2,1,7,0
36,2023,2024-01-07,18,NYJ,,NE,0,New England Patriots,3,119,31,30,88,21,2,1,7,,17,254,69,20,185,42,0,3,1,0
36,2023,2024-01-07,18,GB,,CHI,1,Green Bay Packers,17,432,308,32,124,27,0,1,1,,9,192,117,16,75,25,0,0,5,0
36,2023,2024-01-07,18,GB,,CHI,0,Chicago Bears,9,192,117,16,75,25,0,0,5,,17,432,308,32,124,27,0,1,1,0
36,2023,2024-01-07,18,SEA,,ARI,1,Seattle Seahawks,21,327,189,28,138,25,0,0,0,,20,466,260,30,206,38,0,0,1,0
36,2023,2024-01-07,18,SEA,,ARI,0,Arizona Cardinals,20,466,260,30,206,38,0,0,1,,21,327,189,28,138,25,0,0,0,0
36,2023,2024-01-07,18,DAL,,WAS,1,Dallas Cowboys,38,440,309,40,131,29,1,0,0,,10,180,130,28,50,17,2,1,4,0
36,2023,2024-01-07,18,DAL,,WAS,0,Washington Commanders,10,180,130,28,50,17,2,1,4,,38,440,309,40,131,29,1,0,0,0
36,2023,2024-01-07,18,LV,,DEN,1,Las Vegas Raiders,27,359,230,32,129,31,0,0,3,,14,286,238,34,48,20,1,1,5,0
36,2023,2024-01-07,18,LV,,DEN,0,Denver Broncos,14,286,238,34,48,20,1,1,5,,27,359,230,32,129,31,0,0,3,0
36,2023,2024-01-07,18,KC,,LAC,1,Kansas City Chiefs,13,268,145,30,123,28,1,1,1,,12,353,235,47,118,30,0,2,3,0
36,2023,2024-01-07,18,KC,,LAC,0,Los Angeles Chargers,12,353,235,47,118,30,0,2,3,,13,268,145,30,123,28,1,1,1,0
36,2023,2024-01-07,18,NYG,,PHI,1,New York Giants,27,415,306,34,109,30,1,1,2,,10,299,166,36,133,24,2,2,5,0
36,2023,2024-01-07,18,NYG,,PHI,0,Philadelphia Eagles,10,299,166,36,133,24,2,2,5,,27,415,306,34,109,30,1,1,2,0
36,2023,2024-01-07,18,LA,,SF,1,Los Angeles Rams,21,258,149,24,109,36,1,0,2,,20,300,175,26,125,29,0,2,3,0
36,2023,2024-01-07,18,LA,,SF,0,San Francisco 49ers,20,300,175,26,125,29,0,2,3,,21,258,149,24,109,36,1,0,2,0
36,2023,2024-01-07,18,BUF,,MIA,1,Buffalo Bills,21,473,345,38,128,36,2,1,3,,14,275,167,27,108,20,2,0,1,0
36,2023,2024-01-07,18,BUF,,MIA,0,Miami Dolphins,14,275,167,27,108,20,2,0,1,,21,473,345,38,128,36,2,1,3,0
37,2024,2024-09-05,1,KC,,BAL,1,Kansas City Chiefs,27,353,281,28,72,20,1,0,2,,20,452,267,41,185,32,0,1,1,
37,2024,2024-09-05,1,KC,,BAL,0,Baltimore Ravens,20,452,267,41,185,32,1,1,1,,27,353,281,28,72,20,1,0,2,
37,2024,2024-09-06,1,PHI,,GB,1,Philadelphia Eagles,34,410,266,34,144,38,2,2,2,,29,414,251,35,163,21,1,1,2,
37,2024,2024-09-06,1,PHI,,GB,0,Green Bay Packers,29,414,251,35,163,21,1,1,2,,34,410,266,34,144,38,2,2,2,
37,2024,2024-09-08,1,PIT,,ATL,1,Pittsburgh Steelers,18,270,133,23,137,41,0,1,2,,10,226,137,26,89,22,2,1,2,
37,2024,2024-09-08,1,PIT,,ATL,0,Atlanta Falcons,10,226,137,26,89,22,2,1,2,,18,270,133,23,137,41,0,1,2,
37,2024,2024-09-08,1,BUF,,ARI,1,Buffalo Bills,34,352,222,23,130,33,0,1,2,,28,270,146,31,124,25,0,1,4,
37,2024,2024-09-08,1,BUF,,ARI,0,Arizona Cardinals,28,270,146,31,124,25,0,1,4,,34,352,222,23,130,33,0,1,2,
37,2024,2024-09-08,1,NO,,CAR,1,New Orleans Saints,47,379,199,24,180,37,0,1,1,,10,193,135,31,58,20,2,1,4,
37,2024,2024-09-08,1,NO,,CAR,0,Carolina Panthers,10,193,135,31,58,20,2,1,4,,47,379,199,24,180,37,0,1,1,
37,2024,2024-09-08,1,CHI,,TEN,1,Chicago Bears,24,148,64,29,84,22,0,3,2,,17,244,104,32,140,26,2,1,3,
37,2024,2024-09-08,1,CHI,,TEN,0,Tennessee Titans,17,244,104,32,140,26,2,1,3,,24,148,64,29,84,22,0,3,2,
37,2024,2024-09-08,1,NE,,CIN,1,New England Patriots,16,290,120,24,170,39,0,1,1,,10,224,154,29,70,16,0,3,3,
37,2024,2024-09-08,1,NE,,CIN,0,Cincinnati Bengals,10,224,154,29,70,16,0,3,3,,16,290,120,24,170,39,0,1,1,
37,2024,2024-09-08,1,HOU,,IND,1,Houston Texans,29,417,204,32,213,40,0,0,4,,27,303,199,19,104,22,1,0,2,
37,2024,2024-09-08,1,HOU,,IND,0,Indianapolis Colts,27,303,199,19,104,22,1,0,2,,29,417,204,32,213,40,0,0,4,
37,2024,2024-09-08,1,MIA,,JAX,1,Miami Dolphins,20,400,319,37,81,25,0,0,3,,17,267,139,21,128,26,0,2,3,
37,2024,2024-09-08,1,MIA,,JAX,0,Jacksonville Jaguars,17,267,139,21,128,26,0,2,3,,20,400,319,37,81,25,0,0,3,
37,2024,2024-09-08,1,MIN,,NYG,1,Minnesota Vikings,28,312,201,24,111,26,1,1,1,,6,240,166,42,74,21,2,1,5,
37,2024,2024-09-08,1,MIN,,NYG,0,New York Giants,6,240,166,42,74,21,2,1,5,,28,312,201,24,111,26,1,1,1,
37,2024,2024-09-08,1,SEA,,DEN,1,Seattle Seahawks,26,304,158,25,146,33,1,1,2,,20,231,132,42,99,25,2,2,2,
37,2024,2024-09-08,1,SEA,,DEN,0,Denver Broncos,20,231,132,42,99,25,2,2,2,,26,304,158,25,146,33,1,1,2,
37,2024,2024-09-08,1,LAC,,LV,1,Los Angeles Chargers,22,316,140,26,176,27,0,0,1,,10,296,225,33,71,22,1,2,4,
37,2024,2024-09-08,1,LAC,,LV,0,Las Vegas Raiders,10,296,225,33,71,22,1,2,4,,22,316,140,26,176,27,0,0,1,
37,2024,2024-09-08,1,DAL,,CLE,1,Dallas Cowboys,33,265,163,32,102,25,0,1,3,,17,230,137,45,93,19,2,1,6,
37,2024,2024-09-08,1,DAL,,CLE,0,Cleveland Browns,17,230,137,45,93,19,2,1,6,,33,265,163,32,102,25,0,1,3,
37,2024,2024-09-08,1,TB,,WAS,1,Tampa Bay Buccaneers,37,392,280,30,112,30,0,0,1,,20,299,161,24,138,30,0,3,2,
37,2024,2024-09-08,1,TB,,WAS,0,Washington Commanders,20,299,161,24,138,30,0,3,2,,37,392,280,30,112,30,0,0,1,
37,2024,2024-09-08,1,DET,,LAR,1,Detroit Lions,26,363,200,28,163,31,1,0,2,,20,387,304,49,83,23,1,0,2,
37,2024,2024-09-08,1,DET,,LAR,0,Los Angeles Rams,20,387,304,49,83,23,1,0,2,,26,363,200,28,163,31,1,0,2,
37,2024,2024-09-09,1,SF,,NYJ,1,San Francisco 49ers,32,401,221,29,180,38,0,0,3,,19,266,198,29,68,19,1,1,1,
37,2024,2024-09-09,1,SF,,NYJ,0,New York Jets,19,266,198,29,68,19,1,1,1,,32,401,221,29,180,38,0,0,3,
38,2024,2024-09-12,2,BUF,,MIA,1,Buffalo Bills,31,247,139,19,108,26,0,1,0,,10,351,212,39,139,34,3,0,2,
38,2024,2024-09-12,2,BUF,,MIA,0,Miami Dolphins,10,351,212,39,139,34,3,0,2,,31,247,139,19,108,26,0,1,0,
38,2024,2024-09-15,2,GB,,IND,1,Green Bay Packers,16,383,122,14,261,53,0,2,0,,10,338,198,34,140,18,3,3,1,
38,2024,2024-09-15,2,GB,,IND,0,Indianapolis Colts,10,338,198,34,140,18,3,3,1,,16,383,122,14,261,53,0,2,0,
38,2024,2024-09-15,2,NO,,DAL,1,New Orleans Saints,44,432,242,16,190,39,1,0,1,,19,353,285,42,68,21,2,1,3,
38,2024,2024-09-15,2,NO,,DAL,0,Dallas Cowboys,19,353,285,42,68,21,2,1,3,,44,432,242,16,190,39,1,0,1,
38,2024,2024-09-15,2,CLE,,JAX,1,Cleveland Browns,18,297,172,34,125,29,0,1,2,,13,323,196,30,127,21,0,1,4,
38,2024,2024-09-15,2,CLE,,JAX,0,Jacksonville Jaguars,13,323,196,30,127,21,0,1,4,,18,297,172,34,125,29,0,1,2,
38,2024,2024-09-15,2,TB,,DET,1,Tampa Bay Buccaneers,20,216,146,19,70,23,1,2,5,,16,463,324,56,139,27,2,0,0,
38,2024,2024-09-15,2,TB,,DET,0,Detroit Lions,16,463,324,56,139,27,2,0,0,,20,216,146,19,70,23,1,2,5,
38,2024,2024-09-15,2,LV,,BAL,1,Las Vegas Raiders,26,260,233,38,27,17,1,1,5,,23,383,232,34,151,27,1,0,2,
38,2024,2024-09-15,2,LV,,BAL,0,Baltimore Ravens,23,383,232,34,151,27,1,0,2,,26,260,233,38,27,17,1,1,5,
38,2024,2024-09-15,2,LAC,,CAR,1,Los Angeles Chargers,26,349,130,20,219,44,1,1,1,,3,159,69,26,90,18,1,0,2,
38,2024,2024-09-15,2,LAC,,CAR,0,Carolina Panthers,3,159,69,26,90,18,1,0,2,,26,349,130,20,219,44,1,1,1,
38,2024,2024-09-15,2,MIN,,SF,1,Minnesota Vikings,23,403,257,26,146,24,1,3,4,,17,399,297,36,102,25,1,3,6,
38,2024,2024-09-15,2,MIN,,SF,0,San Francisco 49ers,17,399,297,36,102,25,1,3,6,,23,403,257,26,146,24,1,3,4,
38,2024,2024-09-15,2,SEA,,NE,1,Seattle Seahawks,23,358,312,44,46,19,0,0,3,,20,310,125,27,185,36,0,1,3,
38,2024,2024-09-15,2,SEA,,NE,0,New England Patriots,20,310,125,27,185,36,0,1,3,,23,358,312,44,46,19,0,0,3,
38,2024,2024-09-15,2,WAS,,NYG,1,Washington Commanders,21,425,210,29,215,35,0,0,5,,18,304,175,28,129,22,0,1,1,
38,2024,2024-09-15,2,WAS,,NYG,0,New York Giants,18,304,175,28,129,22,0,1,1,,21,425,210,29,215,35,0,0,5,
38,2024,2024-09-15,2,NYJ,,TEN,1,New York Jets,24,265,164,30,101,24,0,0,2,,17,300,170,28,130,28,1,1,4,
38,2024,2024-09-15,2,NYJ,,TEN,0,Tennessee Titans,17,300,170,28,130,28,1,1,4,,24,265,164,30,101,24,0,0,2,
38,2024,2024-09-15,2,ARI,,LAR,1,Arizona Cardinals,41,489,258,21,231,40,0,2,1,,10,245,192,27,53,20,0,1,5,
38,2024,2024-09-15,2,ARI,,LAR,0,Los Angeles Rams,10,245,192,27,53,20,0,1,5,,41,489,258,21,231,40,0,2,1,
38,2024,2024-09-15,2,KC,,CIN,1,Kansas City Chiefs,26,286,137,25,149,32,2,1,2,,25,320,246,36,74,22,0,3,3,
38,2024,2024-09-15,2,KC,,CIN,0,Cincinnati Bengals,25,320,246,36,74,22,0,3,3,,26,286,137,25,149,32,2,1,2,
38,2024,2024-09-15,2,PIT,,DEN,1,Pittsburgh Steelers,13,251,110,20,141,36,0,1,2,,6,295,231,35,64,19,2,0,2,
38,2024,2024-09-15,2,PIT,,DEN,0,Denver Broncos,6,295,231,35,64,19,2,0,2,,13,251,110,20,141,36,0,1,2,
38,2024,2024-09-15,2,HOU,,CHI,1,Houston Texans,19,310,235,36,75,22,0,1,3,,13,205,134,37,71,22,2,0,7,
38,2024,2024-09-15,2,HOU,,CHI,0,Chicago Bears,13,205,134,37,71,22,2,0,7,,19,310,235,36,75,22,0,1,3,
38,2024,2024-09-16,2,ATL,,PHI,1,Atlanta Falcons,22,385,233,29,152,28,0,1,1,,21,365,179,30,186,37,1,0,1,
38,2024,2024-09-16,2,ATL,,PHI,0,Philadelphia Eagles,21,365,179,30,186,37,1,0,1,,22,385,233,29,152,28,0,1,1,
39,2024,2024-09-19,3,NYJ,,NE,1,New York Jets,24,400,267,35,133,33,0,1,2,,3,139,61,26,78,15,0,1,7,
39,2024,2024-09-19,3,NYJ,,NE,0,New England Patriots,3,139,61,26,78,15,0,1,7,,24,400,267,35,133,33,0,1,2,
39,2024,2024-09-22,3,PHI,,NO,1,Philadelphia Eagles,15,460,288,38,172,25,1,1,4,,12,219,130,25,89,29,1,0,1,
39,2024,2024-09-22,3,PHI,,NO,0,New Orleans Saints,12,219,130,25,89,29,1,0,1,,15,460,288,38,172,25,1,1,4,
39,2024,2024-09-22,3,NYG,,CLE,1,New York Giants,21,340,228,35,112,32,0,3,2,,15,217,148,37,69,18,0,2,8,
39,2024,2024-09-22,3,NYG,,CLE,0,Cleveland Browns,15,217,148,37,69,18,0,2,8,,21,340,228,35,112,32,0,3,2,
39,2024,2024-09-22,3,MIN,,HOU,1,Minnesota Vikings,34,274,156,28,118,28,0,1,4,,7,296,258,44,38,14,2,0,5,
39,2024,2024-09-22,3,MIN,,HOU,0,Houston Texans,7,296,258,44,38,14,2,0,5,,34,274,156,28,118,28,0,1,4,
39,2024,2024-09-22,3,IND,,CHI,1,Indianapolis Colts,21,306,156,20,150,33,2,0,1,,16,395,332,52,63,28,2,1,4,
39,2024,2024-09-22,3,IND,,CHI,0,Chicago Bears,16,395,332,52,63,28,2,1,4,,21,306,156,20,150,33,2,0,1,
39,2024,2024-09-22,3,DEN,,TB,1,Denver Broncos,26,352,216,36,136,28,0,1,0,,7,223,132,33,91,16,1,1,7,
39,2024,2024-09-22,3,DEN,,TB,0,Tampa Bay Buccaneers,7,223,132,33,91,16,1,1,7,,26,352,216,36,136,28,0,1,0,
39,2024,2024-09-22,3,PIT,,LAC,1,Pittsburgh Steelers,20,346,232,32,114,31,1,0,2,,10,168,107,20,61,20,0,2,5,
39,2024,2024-09-22,3,PIT,,LAC,0,Los Angeles Chargers,10,168,107,20,61,20,0,2,5,,20,346,232,32,114,31,1,0,2,
39,2024,2024-09-22,3,GB,,TEN,1,Green Bay Packers,30,378,190,19,188,37,0,0,3,,14,237,204,34,33,11,2,1,8,
39,2024,2024-09-22,3,GB,,TEN,0,Tennessee Titans,14,237,204,34,33,11,2,1,8,,30,378,190,19,188,37,0,0,3,
39,2024,2024-09-22,3,SEA,,MIA,1,Seattle Seahawks,24,370,270,34,100,23,2,1,3,,3,205,140,32,65,18,0,3,6,
39,2024,2024-09-22,3,SEA,,MIA,0,Miami Dolphins,3,205,140,32,65,18,0,3,6,,24,370,270,34,100,23,2,1,3,
39,2024,2024-09-22,3,CAR,,LV,1,Carolina Panthers,36,437,306,37,131,31,0,0,2,,22,331,276,40,55,16,1,0,3,
39,2024,2024-09-22,3,CAR,,LV,0,Las Vegas Raiders,22,331,276,40,55,16,1,0,3,,36,437,306,37,131,31,0,0,2,
39,2024,2024-09-22,3,BAL,,DAL,1,Baltimore Ravens,28,456,182,15,274,45,0,0,0,,25,412,361,51,51,16,0,2,3,
39,2024,2024-09-22,3,BAL,,DAL,0,Dallas Cowboys,25,412,361,51,51,16,0,2,3,,28,456,182,15,274,45,0,0,0,
39,2024,2024-09-22,3,DET,,ARI,1,Detroit Lions,20,373,186,23,187,43,1,0,2,,13,277,200,34,77,18,1,0,1,
39,2024,2024-09-22,3,DET,,ARI,0,Arizona Cardinals,13,277,200,34,77,18,1,0,1,,20,373,186,23,187,43,1,0,2,
39,2024,2024-09-22,3,LAR,,SF,1,Los Angeles Rams,27,296,198,26,98,26,0,0,3,,24,425,288,30,137,34,0,2,1,
39,2024,2024-09-22,3,LAR,,SF,0,San Francisco 49ers,24,425,288,30,137,34,0,2,1,,27,296,198,26,98,26,0,0,3,
39,2024,2024-09-22,3,KC,,ATL,1,Kansas City Chiefs,22,345,217,39,128,33,1,0,0,,17,311,229,29,82,25,1,2,2,
39,2024,2024-09-22,3,KC,,ATL,0,Atlanta Falcons,17,311,229,29,82,25,1,2,2,,22,345,217,39,128,33,1,0,0,
39,2024,2024-09-23,3,BUF,,JAX,1,Buffalo Bills,47,388,266,31,122,29,0,0,0,,10,239,147,46,92,17,1,1,5,
39,2024,2024-09-23,3,BUF,,JAX,0,Jacksonville Jaguars,10,239,147,46,92,17,1,1,5,,47,388,266,31,122,29,0,0,0,
39,2024,2024-09-23,3,WAS,,CIN,1,Washington Commanders,38,356,248,23,108,32,0,1,2,,33,436,312,38,124,20,0,0,2,
39,2024,2024-09-23,3,WAS,,CIN,0,Cincinnati Bengals,33,436,312,38,124,20,0,0,2,,38,356,248,23,108,32,0,1,2,
40,2024,2024-09-26,4,DAL,,NYG,1,Dallas Cowboys,20,293,213,27,80,23,0,1,1,,15,303,277,40,26,24,1,1,1,
40,2024,2024-09-26,4,DAL,,NYG,0,New York Giants,15,303,277,40,26,24,1,1,1,,20,293,213,27,80,23,0,1,1,
40,2024,2024-09-29,4,CHI,,LAR,1,Chicago Bears,24,264,133,23,131,28,0,1,3,,18,322,203,29,119,26,1,1,3,
40,2024,2024-09-29,4,CHI,,LAR,0,Los Angeles Rams,18,322,203,29,119,26,1,1,3,,24,264,133,23,131,28,0,1,3,
40,2024,2024-09-29,4,HOU,,JAX,1,Houston Texans,24,435,334,40,101,26,0,1,2,,20,313,155,33,158,24,0,1,1,
40,2024,2024-09-29,4,HOU,,JAX,0,Jacksonville Jaguars,20,313,155,33,158,24,0,1,1,,24,435,334,40,101,26,0,1,2,
40,2024,2024-09-29,4,MIN,,GB,1,Minnesota Vikings,31,374,254,28,120,34,1,2,2,,29,465,379,54,86,19,3,1,1,
40,2024,2024-09-29,4,MIN,,GB,0,Green Bay Packers,29,465,379,54,86,19,3,1,1,,31,374,254,28,120,34,1,2,2,
40,2024,2024-09-29,4,CIN,,CAR,1,Cincinnati Bengals,34,373,232,31,141,31,1,0,0,,24,375,220,41,155,29,1,0,0,
40,2024,2024-09-29,4,CIN,,CAR,0,Carolina Panthers,24,375,220,41,155,29,1,0,0,,34,373,232,31,141,31,1,0,0,
40,2024,2024-09-29,4,IND,,PIT,1,Indianapolis Colts,27,358,225,30,133,32,0,1,2,,24,404,282,34,122,30,0,3,4,
40,2024,2024-09-29,4,IND,,PIT,0,Pittsburgh Steelers,24,404,282,34,122,30,0,3,4,,27,358,225,30,133,32,0,1,2,
40,2024,2024-09-29,4,TB,,PHI,1,Tampa Bay Buccaneers,33,445,334,47,111,25,0,1,2,,16,227,114,30,113,20,0,3,6,
40,2024,2024-09-29,4,TB,,PHI,0,Philadelphia Eagles,16,227,114,30,113,20,0,3,6,,33,445,334,47,111,25,0,1,2,
40,2024,2024-09-29,4,ATL,,NO,1,Atlanta Falcons,26,315,227,35,88,15,1,1,1,,24,366,235,36,131,33,1,1,1,
40,2024,2024-09-29,4,ATL,,NO,0,New Orleans Saints,24,366,235,36,131,33,1,1,1,,26,315,227,35,88,15,1,1,1,
40,2024,2024-09-29,4,DEN,,NYJ,1,Denver Broncos,10,186,60,25,126,31,0,1,0,,9,248,184,42,64,23,0,1,5,
40,2024,2024-09-29,4,DEN,,NYJ,0,New York Jets,9,248,184,42,64,23,0,1,5,,10,186,60,25,126,31,0,1,0,
40,2024,2024-09-29,4,SF,,NE,1,San Francisco 49ers,30,431,283,27,148,32,1,3,1,,13,216,143,32,73,24,1,4,6,
40,2024,2024-09-29,4,SF,,NE,0,New England Patriots,13,216,143,32,73,24,1,4,6,,30,431,283,27,148,32,1,3,1,
40,2024,2024-09-29,4,WAS,,ARI,1,Washington Commanders,42,449,233,30,216,37,1,0,0,,14,296,115,22,181,32,0,3,4,
40,2024,2024-09-29,4,WAS,,ARI,0,Arizona Cardinals,14,296,115,22,181,32,0,3,4,,42,449,233,30,216,37,1,0,0,
40,2024,2024-09-29,4,KC,,LAC,1,Kansas City Chiefs,17,329,228,29,101,26,1,1,3,,10,224,169,27,55,24,0,2,2,
40,2024,2024-09-29,4,KC,,LAC,0,Los Angeles Chargers,10,224,169,27,55,24,0,2,2,,17,329,228,29,101,26,1,1,3,
40,2024,2024-09-29,4,LV,,CLE,1,Las Vegas Raiders,20,268,116,24,152,29,0,1,2,,16,241,149,32,92,22,1,1,3,
40,2024,2024-09-29,4,LV,,CLE,0,Cleveland Browns,16,241,149,32,92,22,1,1,3,,20,268,116,24,152,29,0,1,2,
40,2024,2024-09-29,4,BAL,,BUF,1,Baltimore Ravens,35,427,156,19,271,34,0,2,1,,10,236,155,31,81,23,0,2,3,
40,2024,2024-09-29,4,BAL,,BUF,0,Buffalo Bills,10,236,155,31,81,23,0,2,3,,35,427,156,19,271,34,0,2,1,
40,2024,2024-09-30,4,TEN,,MIA,1,Tennessee Titans,31,244,102,21,142,40,1,0,1,,12,184,78,22,106,30,0,1,2,
40,2024,2024-09-30,4,TEN,,MIA,0,Miami Dolphins,12,184,78,22,106,30,0,1,2,,31,244,102,21,142,40,1,0,1,
40,2024,2024-09-30,4,DET,,SEA,1,Detroit Lions,42,389,273,19,116,28,0,0,3,,29,516,383,56,133,19,1,1,3,
40,2024,2024-09-30,4,DET,,SEA,0,Seattle Seahawks,29,516,383,56,133,19,1,1,3,,42,389,273,19,116,28,0,0,3,
41,2024,2024-10-03,5,ATL,,TB,1,Atlanta Falcons,36,550,477,59,73,18,1,1,4,,30,333,173,24,160,26,0,2,1,
41,2024,2024-10-03,5,ATL,,TB,0,Tampa Bay Buccaneers,30,333,173,24,160,26,0,2,1,,36,550,477,59,73,18,1,1,4,
41,2024,2024-10-06,5,MIN,,NYJ,1,Minnesota Vikings,23,253,171,32,82,30,1,2,4,,17,254,218,54,36,14,3,1,3,
41,2024,2024-10-06,5,MIN,,NYJ,0,New York Jets,17,254,218,54,36,14,3,1,3,,23,253,171,32,82,30,1,2,4,
41,2024,2024-10-06,5,CHI,,CAR,1,Chicago Bears,36,424,296,29,128,39,0,0,1,,10,292,172,35,120,19,1,4,4,
41,2024,2024-10-06,5,CHI,,CAR,0,Carolina Panthers,10,292,172,35,120,19,1,4,4,,36,424,296,29,128,39,0,0,1,
41,2024,2024-10-06,5,HOU,,BUF,1,Houston Texans,23,425,331,38,94,28,1,1,1,,20,276,126,30,150,28,0,0,1,
41,2024,2024-10-06,5,HOU,,BUF,0,Buffalo Bills,20,276,126,30,150,28,0,0,1,,23,425,331,38,94,28,1,1,1,
41,2024,2024-10-06,5,MIA,,NE,1,Miami Dolphins,15,372,179,31,193,41,1,3,3,,10,299,148,34,151,19,0,0,2,
41,2024,2024-10-06,5,MIA,,NE,0,New England Patriots,10,299,148,34,151,19,0,0,2,,15,372,179,31,193,41,1,3,3,
41,2024,2024-10-06,5,WAS,,CLE,1,Washington Commanders,34,434,219,28,215,34,1,2,3,,13,212,108,29,104,23,0,1,7,
41,2024,2024-10-06,5,WAS,,CLE,0,Cleveland Browns,13,212,108,29,104,23,0,1,7,,34,434,219,28,215,34,1,2,3,
41,2024,2024-10-06,5,BAL,,CIN,1,Baltimore Ravens,41,520,345,42,175,34,0,2,1,,38,442,371,39,71,23,1,0,3,
41,2024,2024-10-06,5,BAL,,CIN,0,Cincinnati Bengals,38,442,371,39,71,23,1,0,3,,41,520,345,42,175,34,0,2,1,
41,2024,2024-10-06,5,JAX,,IND,1,Jacksonville Jaguars,37,497,371,34,126,23,1,2,0,,34,447,348,45,99,20,0,1,4,
41,2024,2024-10-06,5,JAX,,IND,0,Indianapolis Colts,34,447,348,45,99,20,0,1,4,,37,497,371,34,126,23,1,2,0,
41,2024,2024-10-06,5,ARI,,SF,1,Arizona Cardinals,24,358,189,30,169,26,1,1,1,,23,384,231,35,153,26,2,1,2,
41,2024,2024-10-06,5,ARI,,SF,0,San Francisco 49ers,23,384,231,35,153,26,2,1,2,,24,358,189,30,169,26,1,1,1,
41,2024,2024-10-06,5,DEN,,LV,1,Denver Broncos,34,289,180,27,109,28,0,1,3,,18,330,215,37,115,25,3,0,3,
41,2024,2024-10-06,5,DEN,,LV,0,Las Vegas Raiders,18,330,215,37,115,25,3,0,3,,34,289,180,27,109,28,0,1,3,
41,2024,2024-10-06,5,NYG,,SEA,1,New York Giants,29,420,245,34,175,34,0,2,3,,20,333,231,40,102,11,0,1,7,
41,2024,2024-10-06,5,NYG,,SEA,0,Seattle Seahawks,20,333,231,40,102,11,0,1,7,,29,420,245,34,175,34,0,2,3,
41,2024,2024-10-06,5,GB,,LAR,1,Green Bay Packers,24,323,197,26,126,30,1,1,2,,19,370,236,45,134,28,1,1,3,
41,2024,2024-10-06,5,GB,,LAR,0,Los Angeles Rams,19,370,236,45,134,28,1,1,3,,24,323,197,26,126,30,1,1,2,
41,2024,2024-10-06,5,DAL,,PIT,1,Dallas Cowboys,20,445,336,42,109,31,2,2,2,,17,226,134,28,92,26,0,2,3,
41,2024,2024-10-06,5,DAL,,PIT,0,Pittsburgh Steelers,17,226,134,28,92,26,0,2,3,,20,445,336,42,109,31,2,2,2,
41,2024,2024-10-07,5,KC,,NO,1,Kansas City Chiefs,26,460,321,39,139,39,1,0,1,,13,220,174,35,46,15,1,1,2,
41,2024,2024-10-07,5,KC,,NO,0,New Orleans Saints,13,220,174,35,46,15,1,1,2,,26,460,321,39,139,39,1,0,1,
42,2024,2024-10-10,6,SF,,SEA,1,San Francisco 49ers,36,483,255,28,228,33,0,0,0,,24,358,306,52,52,20,2,2,1,
42,2024,2024-10-10,6,SF,,SEA,0,Seattle Seahawks,24,358,306,52,52,20,2,2,1,,36,483,255,28,228,33,0,0,0,
42,2024,2024-10-13,6,CHI,,JAX,1,Chicago Bears,35,373,221,29,152,29,1,1,3,,16,278,210,36,68,20,1,2,4,
42,2024,2024-10-13,6,CHI,,JAX,0,Jacksonville Jaguars,16,278,210,36,68,20,1,2,4,,35,373,221,29,152,29,1,1,3,
42,2024,2024-10-13,6,TB,,NO,1,Tampa Bay Buccaneers,51,594,317,36,277,35,3,1,1,,27,303,222,40,81,21,2,3,5,
42,2024,2024-10-13,6,TB,,NO,0,New Orleans Saints,27,303,222,40,81,21,2,3,5,,51,594,317,36,277,35,3,1,1,
42,2024,2024-10-13,6,GB,,ARI,1,Green Bay Packers,34,437,258,32,179,38,1,0,0,,13,303,214,32,89,23,0,3,0,
42,2024,2024-10-13,6,GB,,ARI,0,Arizona Cardinals,13,303,214,32,89,23,0,3,0,,34,437,258,32,179,38,1,0,0,
42,2024,2024-10-13,6,IND,,TEN,1,Indianapolis Colts,20,269,189,38,80,28,1,0,0,,17,241,95,27,146,28,1,1,0,
42,2024,2024-10-13,6,IND,,TEN,0,Tennessee Titans,17,241,95,27,146,28,1,1,0,,20,269,189,38,80,28,1,0,0,
42,2024,2024-10-13,6,HOU,,NE,1,Houston Texans,41,368,176,32,192,28,1,1,2,,21,291,209,33,82,26,2,3,4,
42,2024,2024-10-13,6,HOU,,NE,0,New England Patriots,21,291,209,33,82,26,2,3,4,,41,368,176,32,192,28,1,1,2,
42,2024,2024-10-13,6,BAL,,WAS,1,Baltimore Ravens,30,484,308,26,176,37,1,1,2,,23,305,253,35,52,18,0,0,3,
42,2024,2024-10-13,6,BAL,,WAS,0,Washington Commanders,23,305,253,35,52,18,0,0,3,,30,484,308,26,176,37,1,1,2,
42,2024,2024-10-13,6,PHI,,CLE,1,Philadelphia Eagles,20,372,256,25,116,36,0,1,1,,16,244,144,23,100,25,0,0,5,
42,2024,2024-10-13,6,PHI,,CLE,0,Cleveland Browns,16,244,144,23,100,25,0,0,5,,20,372,256,25,116,36,0,1,1,
42,2024,2024-10-13,6,PIT,,LV,1,Pittsburgh Steelers,32,293,110,24,183,35,0,1,3,,13,275,218,40,57,19,1,3,1,
42,2024,2024-10-13,6,PIT,,LV,0,Las Vegas Raiders,13,275,218,40,57,19,1,3,1,,32,293,110,24,183,35,0,1,3,
42,2024,2024-10-13,6,LAC,,DEN,1,Los Angeles Chargers,23,350,222,34,128,38,0,1,3,,16,316,206,33,110,18,1,1,2,
42,2024,2024-10-13,6,LAC,,DEN,0,Denver Broncos,16,316,206,33,110,18,1,1,2,,23,350,222,34,128,38,0,1,3,
42,2024,2024-10-13,6,ATL,,CAR,1,Atlanta Falcons,38,423,225,30,198,38,0,1,0,,20,335,221,38,114,24,2,2,0,
42,2024,2024-10-13,6,ATL,,CAR,0,Carolina Panthers,20,335,221,38,114,24,2,2,0,,38,423,225,30,198,38,0,1,0,
42,2024,2024-10-13,6,DET,,DAL,1,Detroit Lions,47,492,308,27,184,36,0,1,3,,9,251,198,44,53,17,3,2,4,
42,2024,2024-10-13,6,DET,,DAL,0,Dallas Cowboys,9,251,198,44,53,17,3,2,4,,47,492,308,27,184,36,0,1,3,
42,2024,2024-10-13,6,CIN,,NYG,1,Cincinnati Bengals,17,304,183,28,121,20,0,2,4,,7,309,190,41,119,31,1,0,2,
42,2024,2024-10-13,6,CIN,,NYG,0,New York Giants,7,309,190,41,119,31,1,0,2,,17,304,183,28,121,20,0,2,4,
42,2024,2024-10-14,6,BUF,,NYJ,1,Buffalo Bills,23,359,210,25,149,33,0,1,2,,20,393,272,35,121,21,1,1,3,
42,2024,2024-10-14,6,BUF,,NYJ,0,New York Jets,20,393,272,35,121,21,1,1,3,,23,359,210,25,149,33,0,1,2,
43,2024,2024-10-17,7,DEN,,NO,1,Denver Broncos,33,389,164,26,225,35,0,1,0,,10,271,174,39,97,21,0,2,6,
43,2024,2024-10-17,7,DEN,,NO,0,New Orleans Saints,10,271,174,39,97,21,0,2,6,,33,389,164,26,225,35,0,1,0,
43,2024,2024-10-20,7,JAX,,NE,1,Jacksonville Jaguars,32,364,193,20,171,39,0,0,0,,16,295,257,37,38,15,0,0,2,
43,2024,2024-10-20,7,JAX,,NE,0,New England Patriots,16,295,257,37,38,15,0,0,3,,32,364,193,20,171,39,0,0,0,
43,2024,2024-10-20,7,DET,,MIN,1,Detroit Lions,31,391,247,25,144,27,0,3,4,,29,383,244,27,139,21,1,0,4,
43,2024,2024-10-20,7,DET,,MIN,0,Minnesota Vikings,29,383,244,27,139,21,1,0,4,,31,391,247,25,144,27,0,3,4,
43,2024,2024-10-20,7,SEA,,ATL,1,Seattle Seahawks,34,339,236,29,103,26,0,1,1,,14,385,230,36,155,32,2,1,3,
43,2024,2024-10-20,7,SEA,,ATL,0,Atlanta Falcons,14,385,230,36,155,32,2,1,3,,34,339,236,29,103,26,0,1,1,
43,2024,2024-10-20,7,BUF,,TEN,1,Buffalo Bills,34,389,315,33,74,20,0,1,1,,10,289,200,40,89,24,1,4,3,
43,2024,2024-10-20,7,BUF,,TEN,0,Tennessee Titans,10,289,200,40,89,24,1,4,3,,34,389,315,33,74,20,0,1,1,
43,2024,2024-10-20,7,CIN,,CLE,1,Cincinnati Bengals,21,223,164,25,59,25,0,0,3,,14,336,259,52,77,21,2,1,4,
43,2024,2024-10-20,7,CIN,,CLE,0,Cleveland Browns,14,336,259,52,77,21,2,1,4,,21,223,164,25,59,25,0,0,3,
43,2024,2024-10-20,7,IND,,MIA,1,Indianapolis Colts,16,284,129,24,155,37,0,1,0,,10,337,149,26,188,40,0,2,2,
43,2024,2024-10-20,7,IND,,MIA,0,Miami Dolphins,10,337,149,26,188,40,0,2,2,,16,284,129,24,155,37,0,1,0,
43,2024,2024-10-20,7,GB,,HOU,1,Green Bay Packers,24,277,195,33,82,20,2,1,3,,22,197,55,21,142,33,0,0,4,
43,2024,2024-10-20,7,GB,,HOU,0,Houston Texans,22,197,55,21,142,33,0,0,4,,24,277,195,33,82,20,2,1,3,
43,2024,2024-10-20,7,PHI,,NYG,1,Philadelphia Eagles,28,339,70,15,269,45,0,0,5,,3,119,43,29,76,18,0,3,8,
43,2024,2024-10-20,7,PHI,,NYG,0,New York Giants,3,119,43,29,76,18,0,3,8,,28,339,70,15,269,45,0,0,5,
43,2024,2024-10-20,7,WAS,,CAR,1,Washington Commanders,40,421,207,25,214,37,0,1,1,,7,180,85,18,95,23,2,1,2,
43,2024,2024-10-20,7,WAS,,CAR,0,Carolina Panthers,7,180,85,18,95,23,2,1,2,,40,421,207,25,214,37,0,1,1,
43,2024,2024-10-20,7,LAR,,LV,1,Los Angeles Rams,20,259,144,23,115,28,1,0,1,,15,317,195,44,122,29,3,1,2,
43,2024,2024-10-20,7,LAR,,LV,0,Las Vegas Raiders,15,317,195,44,122,29,3,1,2,,20,259,144,23,115,28,1,0,1,
43,2024,2024-10-20,7,KC,,SF,1,Kansas City Chiefs,28,329,145,27,184,39,2,0,2,,18,310,209,31,101,24,3,1,1,
43,2024,2024-10-20,7,KC,,SF,0,San Francisco 49ers,18,310,209,31,101,24,3,1,1,,28,329,145,27,184,39,2,0,2,
43,2024,2024-10-20,7,PIT,,NYJ,1,Pittsburgh Steelers,37,409,260,29,149,36,0,0,1,,15,323,269,39,54,15,2,2,1,
43,2024,2024-10-20,7,PIT,,NYJ,0,New York Jets,15,323,269,39,54,15,2,2,1,,37,409,260,29,149,36,0,0,1,
43,2024,2024-10-21,7,BAL,,TB,1,Baltimore Ravens,41,508,264,22,244,30,0,2,2,,31,481,356,45,125,30,2,1,3,
43,2024,2024-10-21,7,BAL,,TB,0,Tampa Bay Buccaneers,31,481,356,45,125,30,2,1,3,,41,508,264,22,244,30,0,2,2,
43,2024,2024-10-21,7,ARI,,LAC,1,Arizona Cardinals,17,326,145,26,181,29,1,1,0,,15,395,336,39,59,22,0,3,3,
43,2024,2024-10-21,7,ARI,,LAC,0,Los Angeles Chargers,15,395,336,39,59,22,0,3,3,,17,326,145,26,181,29,1,1,0,
44,2024,2024-10-24,8,LAR,,MIN,1,Los Angeles Rams,30,386,279,34,107,32,1,0,0,,20,276,212,25,64,22,0,0,3,
44,2024,2024-10-24,8,LAR,,MIN,0,Minnesota Vikings,20,276,212,25,64,22,0,0,3,,30,386,279,34,107,32,1,0,0,
44,2024,2024-10-27,8,DET,,TEN,1,Detroit Lions,52,225,61,19,164,24,0,2,4,,14,416,258,38,158,32,2,3,1,
44,2024,2024-10-27,8,DET,,TEN,0,Tennessee Titans,14,416,258,38,158,32,2,3,1,,52,225,61,19,164,24,0,2,4,
44,2024,2024-10-27,8,ATL,,TB,1,Atlanta Falcons,31,394,265,29,129,29,0,1,2,,26,432,330,50,102,22,2,2,0,
44,2024,2024-10-27,8,ATL,,TB,0,Tampa Bay Buccaneers,26,432,330,50,102,22,2,2,0,,31,394,265,29,129,29,0,1,2,
44,2024,2024-10-27,8,PHI,,CIN,1,Philadelphia Eagles,37,397,236,20,161,39,0,0,0,,17,280,222,37,58,20,1,3,1,
44,2024,2024-10-27,8,PHI,,CIN,0,Cincinnati Bengals,17,280,222,37,58,20,1,3,1,,37,397,236,20,161,39,0,0,0,
44,2024,2024-10-27,8,CLE,,BAL,1,Cleveland Browns,29,401,321,41,80,23,0,1,2,,24,387,263,38,124,21,0,0,3,
44,2024,2024-10-27,8,CLE,,BAL,0,Baltimore Ravens,24,387,263,38,124,21,0,0,3,,29,401,321,41,80,23,0,1,2,
44,2024,2024-10-27,8,HOU,,IND,1,Houston Texans,23,363,267,37,96,29,0,1,2,,20,303,140,32,163,26,1,2,5,
44,2024,2024-10-27,8,HOU,,IND,0,Indianapolis Colts,20,303,140,32,163,26,1,2,5,,23,363,267,37,96,29,0,1,2,
44,2024,2024-10-27,8,ARI,,MIA,1,Arizona Cardinals,28,389,307,36,82,26,0,1,0,,27,377,227,38,150,25,0,4,1,
44,2024,2024-10-27,8,ARI,,MIA,0,Miami Dolphins,27,377,227,38,150,25,0,4,1,,28,389,307,36,82,26,0,1,0,
44,2024,2024-10-27,8,GB,,JAX,1,Green Bay Packers,30,422,252,27,170,39,1,0,1,,27,390,299,32,91,23,1,2,1,
44,2024,2024-10-27,8,GB,,JAX,0,Jacksonville Jaguars,27,390,299,32,91,23,1,2,1,,30,422,252,27,170,39,1,0,1,
44,2024,2024-10-27,8,NE,,NYJ,1,New England Patriots,25,247,136,30,111,31,0,2,2,,22,336,224,28,112,28,0,2,1,
44,2024,2024-10-27,8,NE,,NYJ,0,New York Jets,22,336,224,28,112,28,0,2,1,,25,247,136,30,111,31,0,2,2,
44,2024,2024-10-27,8,BUF,,SEA,1,Buffalo Bills,31,445,281,34,164,34,1,1,1,,10,233,201,29,32,17,1,3,1,
44,2024,2024-10-27,8,BUF,,SEA,0,Seattle Seahawks,10,233,201,29,32,17,1,3,1,,31,445,281,34,164,34,1,1,1,
44,2024,2024-10-27,8,LAC,,NO,1,Los Angeles Chargers,26,378,256,32,122,29,0,2,3,,8,366,249,42,117,21,0,0,5,
44,2024,2024-10-27,8,LAC,,NO,0,New Orleans Saints,8,366,249,42,117,21,0,0,5,,26,378,256,32,122,29,0,2,3,
44,2024,2024-10-27,8,WAS,,CHI,1,Washington Commanders,18,481,313,38,168,32,0,1,2,,15,307,111,24,196,34,0,1,2,
44,2024,2024-10-27,8,WAS,,CHI,0,Chicago Bears,15,307,111,24,196,34,0,1,2,,18,481,313,38,168,32,0,1,2,
44,2024,2024-10-27,8,KC,,LV,1,Kansas City Chiefs,27,334,252,38,82,29,1,1,1,,20,228,195,30,33,21,0,1,5,
44,2024,2024-10-27,8,KC,,LV,0,Las Vegas Raiders,20,228,195,30,33,21,0,1,5,,27,334,252,38,82,29,1,1,1,
44,2024,2024-10-27,8,DEN,,CAR,1,Denver Broncos,28,400,298,39,102,32,0,2,2,,14,284,215,38,69,20,2,0,2,
44,2024,2024-10-27,8,DEN,,CAR,0,Carolina Panthers,14,284,215,38,69,20,2,0,2,,28,400,298,39,102,32,0,2,2,
44,2024,2024-10-27,8,SF,,DAL,1,San Francisco 49ers,30,469,246,26,223,36,0,1,2,,24,292,236,38,56,19,2,2,2,
44,2024,2024-10-27,8,SF,,DAL,0,Dallas Cowboys,24,292,236,38,56,19,2,2,2,,30,469,246,26,223,36,0,1,2,
44,2024,2024-10-28,8,PIT,,NYG,1,Pittsburgh Steelers,26,426,259,28,167,31,0,1,4,,18,394,237,38,157,25,1,1,4,
44,2024,2024-10-28,8,PIT,,NYG,0,New York Giants,18,394,237,38,157,25,1,1,4,,26,426,259,28,167,31,0,1,4,
45,2024,2024-10-31,9,NYJ,,HOU,1,New York Jets,21,293,193,32,100,21,0,2,2,,13,322,135,31,187,36,0,2,8,
45,2024,2024-10-31,9,NYJ,,HOU,0,Houston Texans,13,322,135,31,187,36,0,2,8,,21,293,193,32,100,21,0,2,2,
45,2024,2024-11-03,9,ATL,,DAL,1,Atlanta Falcons,27,310,210,24,100,30,0,3,2,,21,378,241,50,137,21,0,1,3,
45,2024,2024-11-03,9,ATL,,DAL,0,Dallas Cowboys,21,378,241,50,137,21,0,1,3,,27,310,210,24,100,30,0,3,2,
45,2024,2024-11-03,9,BUF,,MIA,1,Buffalo Bills,30,325,231,39,94,19,1,0,1,,27,373,224,28,149,31,0,1,1,
45,2024,2024-11-03,9,BUF,,MIA,0,Miami Dolphins,27,373,224,28,149,31,0,1,1,,30,325,231,39,94,19,1,0,1,
45,2024,2024-11-03,9,CAR,,NO,1,Carolina Panthers,23,246,166,26,80,23,1,0,1,,22,427,230,32,197,41,0,0,1,
45,2024,2024-11-03,9,CAR,,NO,0,New Orleans Saints,22,427,230,32,197,41,0,0,1,,23,246,166,26,80,23,1,0,1,
45,2024,2024-11-03,9,CIN,,LV,1,Cincinnati Bengals,41,373,243,39,130,31,1,0,1,,24,217,157,33,60,21,0,2,5,
45,2024,2024-11-03,9,CIN,,LV,0,Las Vegas Raiders,24,217,157,33,60,21,0,2,5,,41,373,243,39,130,31,1,0,1,
45,2024,2024-11-03,9,LAC,,CLE,1,Los Angeles Chargers,27,342,246,27,96,23,0,0,6,,10,292,213,46,79,24,3,1,6,
45,2024,2024-11-03,9,LAC,,CLE,0,Cleveland Browns,10,292,213,46,79,24,3,1,6,,27,342,246,27,96,23,0,0,6,
45,2024,2024-11-03,9,BAL,,DEN,1,Baltimore Ravens,41,396,269,19,127,34,0,2,1,,10,319,197,34,122,30,1,0,4,
45,2024,2024-11-03,9,BAL,,DEN,0,Denver Broncos,10,319,197,34,122,30,1,0,4,,41,396,269,19,127,34,0,2,1,
45,2024,2024-11-03,9,TEN,,NE,1,Tennessee Titans,20,400,233,33,167,39,1,3,1,,17,295,185,41,110,20,2,2,4,
45,2024,2024-11-03,9,TEN,,NE,0,New England Patriots,17,295,185,41,110,20,2,2,4,,20,400,233,33,167,39,1,3,1,
45,2024,2024-11-03,9,WAS,,NYG,1,Washington Commanders,27,358,209,22,149,38,0,0,0,,22,326,162,26,164,31,0,1,2,
45,2024,2024-11-03,9,WAS,,NYG,0,New York Giants,22,326,162,26,164,31,0,1,2,,27,358,209,22,149,38,0,0,0,
45,2024,2024-11-03,9,ARI,,CHI,1,Arizona Cardinals,29,350,137,20,213,34,0,2,3,,9,241,172,41,69,23,0,1,6,
45,2024,2024-11-03,9,ARI,,CHI,0,Chicago Bears,9,241,172,41,69,23,0,1,6,,29,350,137,20,213,34,0,2,3,
45,2024,2024-11-03,9,PHI,,JAX,1,Philadelphia Eagles,28,447,210,24,237,46,0,1,3,,23,215,155,31,60,18,2,1,2,
45,2024,2024-11-03,9,PHI,,JAX,0,Jacksonville Jaguars,23,215,155,31,60,18,2,1,2,,28,447,210,24,237,46,0,1,3,
45,2024,2024-11-03,9,DET,,GB,1,Detroit Lions,24,261,137,22,124,32,0,0,1,,14,411,273,39,138,23,1,3,0,
45,2024,2024-11-03,9,DET,,GB,0,Green Bay Packers,14,411,273,39,138,23,1,3,0,,24,261,137,22,124,32,0,0,1,
45,2024,2024-11-03,9,LAR,,SEA,1,Los Angeles Rams,26,366,298,44,68,24,1,3,0,,20,424,317,34,107,33,3,2,7,
45,2024,2024-11-03,9,LAR,,SEA,0,Seattle Seahawks,20,424,317,34,107,33,3,2,7,,26,366,298,44,68,24,1,3,0,
45,2024,2024-11-03,9,MIN,,IND,1,Minnesota Vikings,21,415,282,35,133,32,2,1,4,,13,227,159,27,68,19,1,1,3,
45,2024,2024-11-03,9,MIN,,IND,0,Indianapolis Colts,13,227,159,27,68,19,1,1,3,,21,415,282,35,133,32,2,1,4,
45,2024,2024-11-04,9,KC,,TB,1,Kansas City Chiefs,30,384,260,44,124,35,0,1,4,,24,284,189,31,95,19,0,0,2,
45,2024,2024-11-04,9,KC,,TB,0,Tampa Bay Buccaneers,24,284,189,31,95,19,0,0,2,,30,384,260,44,124,35,0,1,4,
46,2024,2024-11-07,10,BAL,,CIN,1,Baltimore Ravens,35,389,290,33,99,25,0,0,0,,34,470,421,56,49,16,0,3,3,
46,2024,2024-11-07,10,BAL,,CIN,0,Cincinnati Bengals,34,470,421,56,49,16,0,3,3,,35,389,290,33,99,25,0,0,0,
46,2024,2024-11-10,10,CAR,,NYG,1,Carolina Panthers,20,306,118,25,188,32,0,2,1,,17,342,175,37,167,34,2,2,2,
46,2024,2024-11-10,10,CAR,,NYG,0,New York Giants,17,342,175,37,167,34,2,2,2,,20,306,118,25,188,32,0,2,1,
46,2024,2024-11-10,10,NE,,CHI,1,New England Patriots,19,328,184,25,144,35,1,2,1,,3,142,69,30,73,20,0,0,9,
46,2024,2024-11-10,10,NE,,CHI,0,Chicago Bears,3,142,69,30,73,20,0,0,9,,19,328,184,25,144,35,1,2,1,
46,2024,2024-11-10,10,PIT,,WAS,1,Pittsburgh Steelers,28,312,172,29,140,43,1,1,3,,27,242,182,34,60,22,0,2,3,
46,2024,2024-11-10,10,PIT,,WAS,0,Washington Commanders,27,242,182,34,60,22,0,2,3,,28,312,172,29,140,43,1,1,3,
46,2024,2024-11-10,10,SF,,TB,1,San Francisco 49ers,23,413,338,36,75,22,0,2,3,,20,215,105,29,110,27,0,3,2,
46,2024,2024-11-10,10,SF,,TB,0,Tampa Bay Buccaneers,20,215,105,29,110,27,0,3,2,,23,413,338,36,75,22,0,2,3,
46,2024,2024-11-10,10,NO,,ATL,1,New Orleans Saints,20,365,269,25,96,27,0,1,0,,17,468,287,38,181,32,1,2,3,
46,2024,2024-11-10,10,NO,,ATL,0,Atlanta Falcons,17,468,287,38,181,32,1,2,3,,20,365,269,25,96,27,0,1,0,
46,2024,2024-11-10,10,BUF,,IND,1,Buffalo Bills,30,415,280,37,135,31,2,1,2,,20,361,240,35,121,22,3,2,4,
46,2024,2024-11-10,10,BUF,,IND,0,Indianapolis Colts,20,361,240,35,121,22,3,2,4,,30,415,280,37,135,31,2,1,2,
46,2024,2024-11-10,10,KC,,DEN,1,Kansas City Chiefs,16,300,243,42,57,19,0,0,4,,14,260,182,30,78,23,0,1,2,
46,2024,2024-11-10,10,KC,,DEN,0,Denver Broncos,14,260,182,30,78,23,0,1,2,,16,300,243,42,57,19,0,0,4,
46,2024,2024-11-10,10,MIN,,JAX,1,Minnesota Vikings,12,402,233,38,169,43,3,0,1,,7,143,87,22,56,18,2,1,3,
46,2024,2024-11-10,10,MIN,,JAX,0,Jacksonville Jaguars,7,143,87,22,56,18,2,1,3,,12,402,233,38,169,43,3,0,1,
46,2024,2024-11-10,10,LAC,,TEN,1,Los Angeles Chargers,27,309,164,18,145,39,0,0,0,,17,289,157,23,132,21,0,1,7,
46,2024,2024-11-10,10,LAC,,TEN,0,Tennessee Titans,17,289,157,23,132,21,0,1,7,,27,309,164,18,145,39,0,0,0,
46,2024,2024-11-10,10,PHI,,DAL,1,Philadelphia Eagles,34,348,161,22,187,38,1,1,5,,6,146,49,29,97,24,1,4,3,
46,2024,2024-11-10,10,PHI,,DAL,0,Dallas Cowboys,6,146,49,29,97,24,1,4,3,,34,348,161,22,187,38,1,1,5,
46,2024,2024-11-10,10,ARI,,NYJ,1,Arizona Cardinals,31,406,259,24,147,32,0,1,1,,6,207,128,35,79,17,0,1,3,
46,2024,2024-11-10,10,ARI,,NYJ,0,New York Jets,6,207,128,35,79,17,0,1,3,,31,406,259,24,147,32,0,1,1,
46,2024,2024-11-10,10,DET,,HOU,1,Detroit Lions,26,345,240,30,105,32,5,1,0,,23,248,192,33,56,28,2,1,4,
46,2024,2024-11-10,10,DET,,HOU,0,Houston Texans,23,248,192,33,56,28,2,1,4,,26,345,240,30,105,32,5,1,0,
46,2024,2024-11-11,10,MIA,,LAR,1,Miami Dolphins,23,238,171,28,67,22,1,1,3,,15,327,257,46,70,18,1,3,4,
46,2024,2024-11-11,10,MIA,,LAR,0,Los Angeles Rams,15,327,257,46,70,18,1,3,4,,23,238,171,28,67,22,1,1,3,
47,2024,2024-11-14,11,PHI,,WAS,1,Philadelphia Eagles,26,434,206,28,228,40,0,1,2,,18,264,171,32,93,28,1,1,3,
47,2024,2024-11-14,11,PHI,,WAS,0,Washington Commanders,18,264,171,32,93,28,1,1,3,,26,434,206,28,228,40,0,1,2,
47,2024,2024-11-17,11,GB,,CHI,1,Green Bay Packers,20,366,260,17,106,25,1,0,1,,19,391,212,31,179,34,0,0,3,
47,2024,2024-11-17,11,GB,,CHI,0,Chicago Bears,19,391,212,31,179,34,0,0,3,,20,366,260,17,106,25,1,0,1,
47,2024,2024-11-17,11,NO,,CLE,1,New Orleans Saints,35,473,259,29,214,28,1,2,1,,14,443,377,47,66,20,0,0,3,
47,2024,2024-11-17,11,NO,,CLE,0,Cleveland Browns,14,443,377,47,66,20,0,0,3,,35,473,259,29,214,28,1,2,1,
47,2024,2024-11-17,11,DET,,JAX,1,Detroit Lions,52,645,449,33,196,43,0,0,0,,6,170,129,29,41,17,1,0,1,
47,2024,2024-11-17,11,DET,,JAX,0,Jacksonville Jaguars,6,170,129,29,41,17,1,0,1,,52,645,449,33,196,43,0,0,0,
47,2024,2024-11-17,11,MIA,,LV,1,Miami Dolphins,34,353,271,36,82,26,0,1,2,,19,328,268,43,60,16,1,0,3,
47,2024,2024-11-17,11,MIA,,LV,0,Las Vegas Raiders,19,328,268,43,60,16,1,0,3,,34,353,271,36,82,26,0,1,2,
47,2024,2024-11-17,11,MIN,,TEN,1,Minnesota Vikings,23,318,236,32,82,33,0,2,2,,13,294,261,31,33,19,1,0,5,
47,2024,2024-11-17,11,MIN,,TEN,0,Tennessee Titans,13,294,261,31,33,19,1,0,5,,23,318,236,32,82,33,0,2,2,
47,2024,2024-11-17,11,PIT,,BAL,1,Pittsburgh Steelers,18,303,181,36,122,34,1,0,4,,16,329,205,33,124,19,1,2,2,
47,2024,2024-11-17,11,PIT,,BAL,0,Baltimore Ravens,16,329,205,33,124,19,1,2,2,,18,303,181,36,122,34,1,0,4,
47,2024,2024-11-17,11,IND,,NYJ,1,Indianapolis Colts,28,332,241,30,91,35,0,2,2,,27,253,162,29,91,20,0,1,3,
47,2024,2024-11-17,11,IND,,NYJ,0,New York Jets,27,253,162,29,91,20,0,1,3,,28,332,241,30,91,35,0,2,2,
47,2024,2024-11-17,11,LAR,,NE,1,Los Angeles Rams,28,402,295,27,107,24,0,0,0,,22,382,257,40,125,30,1,2,3,
47,2024,2024-11-17,11,LAR,,NE,0,New England Patriots,22,382,257,40,125,30,1,2,3,,28,402,295,27,107,24,0,0,0,
47,2024,2024-11-17,11,SEA,,SF,1,Seattle Seahawks,20,289,195,32,94,23,1,1,4,,17,277,146,28,131,27,1,0,2,
47,2024,2024-11-17,11,SEA,,SF,0,San Francisco 49ers,17,277,146,28,131,27,1,0,2,,20,289,195,32,94,23,1,1,4,
47,2024,2024-11-17,11,DEN,,ATL,1,Denver Broncos,38,400,295,33,105,26,0,1,1,,6,226,176,31,50,21,1,1,4,
47,2024,2024-11-17,11,DEN,,ATL,0,Atlanta Falcons,6,226,176,31,50,21,1,1,4,,38,400,295,33,105,26,0,1,1,
47,2024,2024-11-17,11,BUF,,KC,1,Buffalo Bills,30,366,262,40,104,31,1,0,0,,21,259,181,33,78,17,2,0,2,
47,2024,2024-11-17,11,BUF,,KC,0,Kansas City Chiefs,21,259,181,33,78,17,2,0,2,,30,366,262,40,104,31,1,0,0,
47,2024,2024-11-17,11,LAC,,CIN,1,Los Angeles Chargers,34,435,280,36,155,25,0,1,2,,27,452,342,50,110,25,0,0,3,
47,2024,2024-11-17,11,LAC,,CIN,0,Cincinnati Bengals,27,452,342,50,110,25,0,0,3,,34,435,280,36,155,25,0,1,2,
47,2024,2024-11-18,11,HOU,,DAL,1,Houston Texans,34,391,250,34,141,25,1,0,1,,10,388,324,56,64,18,1,3,5,
47,2024,2024-11-18,11,HOU,,DAL,0,Dallas Cowboys,10,388,324,56,64,18,1,3,5,,34,391,250,34,141,25,1,0,1,
48,2024,2024-11-21,12,CLE,,PIT,1,Cleveland Browns,24,304,219,27,85,27,1,3,1,,19,368,248,29,120,34,0,2,4,
48,2024,2024-11-21,12,CLE,,PIT,0,Pittsburgh Steelers,19,368,248,29,120,34,0,2,4,,24,304,219,27,85,27,1,3,1,
48,2024,2024-11-24,12,KC,,CAR,1,Kansas City Chiefs,30,391,226,37,165,26,0,1,5,,27,334,249,35,85,21,0,1,2,
48,2024,2024-11-24,12,KC,,CAR,0,Carolina Panthers,27,334,249,35,85,21,0,1,2,,30,391,226,37,165,26,0,1,5,
48,2024,2024-11-24,12,MIN,,CHI,1,Minnesota Vikings,30,452,328,35,124,27,0,1,3,,27,398,320,48,78,22,0,2,3,
48,2024,2024-11-24,12,MIN,,CHI,0,Chicago Bears,27,398,320,48,78,22,0,2,3,,30,452,328,35,124,27,0,1,3,
48,2024,2024-11-24,12,DAL,,WAS,1,Dallas Cowboys,34,332,241,32,91,28,0,3,1,,26,412,267,38,145,25,2,2,4,
48,2024,2024-11-24,12,DAL,,WAS,0,Washington Commanders,26,412,267,38,145,25,2,2,4,,34,332,241,32,91,28,0,3,1,
48,2024,2024-11-24,12,MIA,,NE,1,Miami Dolphins,34,373,308,40,65,24,0,1,2,,15,269,183,38,86,21,1,1,4,
48,2024,2024-11-24,12,MIA,,NE,0,New England Patriots,15,269,183,38,86,21,1,1,4,,34,373,308,40,65,24,0,1,2,
48,2024,2024-11-24,12,TB,,NYG,1,Tampa Bay Buccaneers,30,450,294,30,156,32,0,4,0,,7,245,169,32,76,20,0,2,4,
48,2024,2024-11-24,12,TB,,NYG,0,New York Giants,7,245,169,32,76,20,0,2,4,,30,450,294,30,156,32,0,4,0,
48,2024,2024-11-24,12,DET,,IND,1,Detroit Lions,24,390,253,36,137,33,0,1,3,,6,268,172,28,96,21,0,2,0,
48,2024,2024-11-24,12,DET,,IND,0,Indianapolis Colts,6,268,172,28,96,21,0,2,0,,24,390,253,36,137,33,0,1,3,
48,2024,2024-11-24,12,TEN,,HOU,1,Tennessee Titans,32,369,237,25,132,33,1,3,8,,27,260,220,33,40,17,2,0,4,
48,2024,2024-11-24,12,TEN,,HOU,0,Houston Texans,27,260,220,33,40,17,2,0,4,,32,369,237,25,132,33,1,3,8,
48,2024,2024-11-24,12,DEN,,LV,1,Denver Broncos,29,325,262,42,63,22,0,0,0,,19,369,300,53,69,16,1,2,5,
48,2024,2024-11-24,12,DEN,,LV,0,Las Vegas Raiders,19,369,300,53,69,16,1,2,5,,29,325,262,42,63,22,0,0,1,
48,2024,2024-11-24,12,SEA,,ARI,1,Seattle Seahawks,16,285,220,31,65,25,1,1,5,,6,298,249,37,49,14,1,0,5,
48,2024,2024-11-24,12,SEA,,ARI,0,Arizona Cardinals,6,298,249,37,49,14,1,0,5,,16,285,220,31,65,25,1,1,5,
48,2024,2024-11-24,12,GB,,SF,1,Green Bay Packers,38,325,156,23,169,42,0,0,2,,10,241,197,29,44,16,1,5,2,
48,2024,2024-11-24,12,GB,,SF,0,San Francisco 49ers,10,241,197,29,44,16,1,5,2,,38,325,156,23,169,42,0,0,2,
48,2024,2024-11-24,12,PHI,,LAR,1,Philadelphia Eagles,37,481,167,22,314,45,0,0,1,,20,290,198,36,92,18,0,4,5,
48,2024,2024-11-24,12,PHI,,LAR,0,Los Angeles Rams,20,290,198,36,92,18,0,4,5,,37,481,167,22,314,45,0,0,1,
48,2024,2024-11-25,12,BAL,,LAC,1,Baltimore Ravens,30,389,177,22,212,37,0,0,1,,23,285,202,36,83,20,0,1,4,
48,2024,2024-11-25,12,BAL,,LAC,0,Los Angeles Chargers,23,285,202,36,83,20,0,1,4,,30,389,177,22,212,37,0,0,1,
49,2024,2024-11-28,13,DET,,CHI,1,Detroit Lions,23,405,211,34,194,33,0,2,2,,20,301,223,39,78,15,0,0,5,
49,2024,2024-11-28,13,DET,,CHI,0,Chicago Bears,20,301,223,39,78,15,0,0,5,,23,405,211,34,194,33,0,2,2,
49,2024,2024-11-28,13,DAL,,NYG,1,Dallas Cowboys,27,317,195,36,122,32,0,2,0,,20,247,131,32,116,21,1,2,6,
49,2024,2024-11-28,13,DAL,,NYG,0,New York Giants,20,247,131,32,116,21,1,2,6,,27,317,195,36,122,32,0,2,0,
49,2024,2024-11-28,13,GB,,MIA,1,Green Bay Packers,30,388,274,28,114,25,0,0,0,,17,375,336,46,39,14,0,2,5,
49,2024,2024-11-28,13,GB,,MIA,0,Miami Dolphins,17,375,336,46,39,14,0,2,5,,30,388,274,28,114,25,0,0,0,
49,2024,2024-11-29,13,KC,,LV,1,Kansas City Chiefs,19,329,266,46,63,16,0,1,5,,17,434,318,35,116,25,0,2,3,
49,2024,2024-11-29,13,KC,,LV,0,Las Vegas Raiders,17,434,318,35,116,25,0,2,3,,19,329,266,46,63,16,0,1,5,
49,2024,2024-12-01,13,LAC,,ATL,1,Los Angeles Chargers,17,187,131,24,56,17,0,2,5,,13,350,234,39,116,37,4,1,1,
49,2024,2024-12-01,13,LAC,,ATL,0,Atlanta Falcons,13,350,234,39,116,37,4,1,1,,17,187,131,24,56,17,0,2,5,
49,2024,2024-12-01,13,PIT,,CIN,1,Pittsburgh Steelers,44,520,410,38,110,26,1,1,2,,38,375,282,38,93,15,1,2,4,
49,2024,2024-12-01,13,PIT,,CIN,0,Cincinnati Bengals,38,375,282,38,93,15,1,2,4,,44,520,410,38,110,26,1,1,2,
49,2024,2024-12-01,13,MIN,,ARI,1,Minnesota Vikings,23,273,205,31,68,15,0,2,5,,22,406,252,45,154,31,2,1,1,
49,2024,2024-12-01,13,MIN,,ARI,0,Arizona Cardinals,22,406,252,45,154,31,2,1,1,,23,273,205,31,68,15,0,2,5,
49,2024,2024-12-01,13,SEA,,NYJ,1,Seattle Seahawks,26,259,175,31,84,23,0,3,3,,21,258,169,39,89,21,1,2,2,
49,2024,2024-12-01,13,SEA,,NYJ,0,New York Jets,21,258,169,39,89,21,1,2,2,,26,259,175,31,84,23,0,3,3,
49,2024,2024-12-01,13,WAS,,TEN,1,Washington Commanders,42,463,196,30,267,45,1,1,2,,19,245,210,37,35,11,0,3,2,
49,2024,2024-12-01,13,WAS,,TEN,0,Tennessee Titans,19,245,210,37,35,11,0,3,2,,42,463,196,30,267,45,1,1,2,
49,2024,2024-12-01,13,IND,,NE,1,Indianapolis Colts,25,253,109,24,144,34,2,0,0,,24,422,222,30,200,31,1,2,4,
49,2024,2024-12-01,13,IND,,NE,0,New England Patriots,24,422,222,30,200,31,1,2,4,,25,253,109,24,144,34,2,0,0,
49,2024,2024-12-01,13,HOU,,JAX,1,Houston Texans,23,326,218,34,108,25,0,0,2,,20,373,276,42,97,25,1,1,0,
49,2024,2024-12-01,13,HOU,,JAX,0,Jacksonville Jaguars,20,373,276,42,97,25,1,1,0,,23,326,218,34,108,25,0,0,2,
49,2024,2024-12-01,13,TB,,CAR,1,Tampa Bay Buccaneers,26,445,209,34,236,39,2,2,4,,23,367,289,46,78,21,0,1,1,
49,2024,2024-12-01,13,TB,,CAR,0,Carolina Panthers,23,367,289,46,78,21,0,1,1,,26,445,209,34,236,39,2,2,4,
49,2024,2024-12-01,13,LAR,,NO,1,Los Angeles Rams,21,322,166,24,156,29,0,0,2,,14,327,184,37,143,31,0,0,0,
49,2024,2024-12-01,13,LAR,,NO,0,New Orleans Saints,14,327,184,37,143,31,0,0,0,,21,322,166,24,156,29,0,0,2,
49,2024,2024-12-01,13,PHI,,BAL,1,Philadelphia Eagles,24,252,112,19,140,33,0,2,2,,19,372,206,36,166,32,0,3,3,
49,2024,2024-12-01,13,PHI,,BAL,0,Baltimore Ravens,19,372,206,36,166,32,0,3,3,,24,252,112,19,140,33,0,2,2,
49,2024,2024-12-01,13,BUF,,SF,1,Buffalo Bills,35,372,152,18,220,38,0,0,0,,10,239,86,18,153,27,0,3,2,
49,2024,2024-12-01,13,BUF,,SF,0,San Francisco 49ers,10,239,86,18,153,27,0,3,2,,35,372,152,18,220,38,0,0,0,
49,2024,2024-12-02,13,DEN,,CLE,1,Denver Broncos,41,400,294,35,106,26,2,0,0,,32,552,475,58,77,23,3,0,3,
49,2024,2024-12-02,13,DEN,,CLE,0,Cleveland Browns,32,552,475,58,77,23,3,0,3,,41,400,294,35,106,26,2,0,0,
50,2024,2024-12-05,14,DET,,GB,1,Detroit Lions,34,391,280,41,111,34,1,0,1,,31,298,199,20,99,24,0,1,1,
50,2024,2024-12-05,14,DET,,GB,0,Green Bay Packers,31,298,199,20,99,24,0,1,1,,34,391,280,41,111,34,1,0,1,
50,2024,2024-12-08,14,MIN,,ATL,1,Minnesota Vikings,42,433,318,28,115,24,0,0,4,,21,496,338,37,158,32,2,1,1,
50,2024,2024-12-08,14,MIN,,ATL,0,Atlanta Falcons,21,496,338,37,158,32,2,1,1,,42,433,318,28,115,24,0,0,4,
50,2024,2024-12-08,14,PHI,,CAR,1,Philadelphia Eagles,22,294,83,21,211,31,0,1,4,,16,302,184,34,118,34,1,0,1,
50,2024,2024-12-08,14,PHI,,CAR,0,Carolina Panthers,16,302,184,34,118,34,1,0,1,,22,294,83,21,211,31,0,1,4,
50,2024,2024-12-08,14,PIT,,CLE,1,Pittsburgh Steelers,27,267,147,26,120,35,0,1,1,,14,300,196,41,104,25,2,2,3,
50,2024,2024-12-08,14,PIT,,CLE,0,Cleveland Browns,14,300,196,41,104,25,2,2,3,,27,267,147,26,120,35,0,1,1,
50,2024,2024-12-08,14,JAX,,TEN,1,Jacksonville Jaguars,10,291,220,31,71,26,2,0,1,,6,272,146,32,126,28,0,1,2,
50,2024,2024-12-08,14,JAX,,TEN,0,Tennessee Titans,6,272,146,32,126,28,0,1,2,,10,291,220,31,71,26,2,0,1,
50,2024,2024-12-08,14,MIA,,NYJ,1,Miami Dolphins,32,375,331,47,44,19,0,0,0,,26,402,319,39,83,21,0,0,3,
50,2024,2024-12-08,14,MIA,,NYJ,0,New York Jets,26,402,319,39,83,21,0,0,3,,32,375,331,47,44,19,0,0,0,
50,2024,2024-12-08,14,NO,,NYG,1,New Orleans Saints,14,292,200,31,92,33,1,2,2,,11,325,213,49,112,23,1,0,2,
50,2024,2024-12-08,14,NO,,NYG,0,New York Giants,11,325,213,49,112,23,1,0,2,,14,292,200,31,92,33,1,2,2,
50,2024,2024-12-08,14,TB,,LV,1,Tampa Bay Buccaneers,28,420,268,29,152,26,2,2,4,,13,286,195,37,91,25,1,2,2,
50,2024,2024-12-08,14,TB,,LV,0,Las Vegas Raiders,13,286,195,37,91,25,1,2,2,,28,420,268,29,152,26,2,2,4,
50,2024,2024-12-08,14,SEA,,ARI,1,Seattle Seahawks,30,409,233,30,176,31,0,1,0,,18,356,235,38,121,23,2,1,2,
50,2024,2024-12-08,14,SEA,,ARI,0,Arizona Cardinals,18,356,235,38,121,23,2,1,2,,30,409,233,30,176,31,0,1,0,
50,2024,2024-12-08,14,LAR,,BUF,1,Los Angeles Rams,44,457,320,30,137,42,0,0,0,,42,445,342,37,103,17,0,0,0,
50,2024,2024-12-08,14,LAR,,BUF,0,Buffalo Bills,42,445,342,37,103,17,0,0,0,,44,457,320,30,137,42,0,0,0,
50,2024,2024-12-08,14,SF,,CHI,1,San Francisco 49ers,38,452,321,26,131,34,1,0,1,,13,162,94,24,68,21,0,1,7,
50,2024,2024-12-08,14,SF,,CHI,0,Chicago Bears,13,162,94,24,68,21,0,1,7,,38,452,321,26,131,34,1,0,1,
50,2024,2024-12-08,14,KC,,LAC,1,Kansas City Chiefs,19,298,202,37,96,25,0,0,3,,17,288,194,30,94,24,0,1,3,
50,2024,2024-12-08,14,KC,,LAC,0,Los Angeles Chargers,17,288,194,30,94,24,0,1,3,,19,298,202,37,96,25,0,0,3,
50,2024,2024-12-09,14,CIN,,DAL,1,Cincinnati Bengals,27,433,359,44,74,19,1,1,2,,20,322,166,31,156,25,1,1,3,
50,2024,2024-12-09,14,CIN,,DAL,0,Dallas Cowboys,20,322,166,31,156,25,1,1,3,,27,433,359,44,74,19,1,1,2,
51,2024,2024-12-12,15,LAR,,SF,1,Los Angeles Rams,12,302,160,27,142,38,0,0,0,,6,191,128,31,63,19,1,0,3,
51,2024,2024-12-12,15,LAR,,SF,0,San Francisco 49ers,6,191,128,31,63,19,1,0,3,,12,302,160,27,142,38,0,0,0,
51,2024,2024-12-15,15,DAL,,CAR,1,Dallas Cowboys,30,410,199,29,211,40,0,2,1,,14,235,175,28,60,16,2,2,6,
51,2024,2024-12-15,15,DAL,,CAR,0,Carolina Panthers,14,235,175,28,60,16,2,2,6,,30,410,199,29,211,40,0,2,1,
51,2024,2024-12-15,15,CIN,,TEN,1,Cincinnati Bengals,37,370,269,37,101,26,2,2,1,,27,374,291,38,83,26,4,2,1,
51,2024,2024-12-15,15,CIN,,TEN,0,Tennessee Titans,27,374,291,38,83,26,4,2,1,,37,370,269,37,101,26,2,2,1,
51,2024,2024-12-15,15,KC,,CLE,1,Kansas City Chiefs,21,311,179,40,132,35,0,0,0,,7,266,127,34,139,21,4,3,5,
51,2024,2024-12-15,15,KC,,CLE,0,Cleveland Browns,7,266,127,34,139,21,4,3,5,,21,311,179,40,132,35,0,0,0,
51,2024,2024-12-15,15,HOU,,MIA,1,Houston Texans,20,181,104,26,77,20,0,2,4,,12,224,172,40,52,19,3,2,3,
51,2024,2024-12-15,15,HOU,,MIA,0,Miami Dolphins,12,224,172,40,52,19,3,2,3,,20,181,104,26,77,20,0,2,4,
51,2024,2024-12-15,15,NYJ,,JAX,1,New York Jets,32,400,275,30,125,23,0,0,1,,25,421,285,46,136,29,2,1,2,
51,2024,2024-12-15,15,NYJ,,JAX,0,Jacksonville Jaguars,25,421,285,46,136,29,2,1,2,,32,400,275,30,125,23,0,0,1,
51,2024,2024-12-15,15,WAS,,NO,1,Washington Commanders,20,326,189,31,137,35,0,1,8,,19,245,176,32,69,16,1,0,3,
51,2024,2024-12-15,15,WAS,,NO,0,New Orleans Saints,19,245,176,32,69,16,1,0,3,,20,326,189,31,137,35,0,1,8,
51,2024,2024-12-15,15,BAL,,NYG,1,Baltimore Ravens,35,445,275,25,170,31,0,1,3,,14,236,181,37,55,20,1,0,3,
51,2024,2024-12-15,15,BAL,,NYG,0,New York Giants,14,236,181,37,55,20,1,0,3,,35,445,275,25,170,31,0,1,3,
51,2024,2024-12-15,15,BUF,,DET,1,Buffalo Bills,48,559,362,34,197,34,0,0,0,,42,521,473,59,48,15,0,2,3,
51,2024,2024-12-15,15,BUF,,DET,0,Detroit Lions,42,521,473,59,48,15,0,2,3,,48,559,362,34,197,34,0,0,0,
51,2024,2024-12-15,15,DEN,,IND,1,Denver Broncos,31,193,121,33,72,27,3,0,1,,13,310,161,38,149,32,2,3,2,
51,2024,2024-12-15,15,DEN,,IND,0,Indianapolis Colts,13,310,161,38,149,32,2,3,2,,31,193,121,33,72,27,3,0,1,
51,2024,2024-12-15,15,ARI,,NE,1,Arizona Cardinals,30,395,232,32,163,32,0,2,0,,17,311,195,23,116,24,1,3,2,
51,2024,2024-12-15,15,ARI,,NE,0,New England Patriots,17,311,195,23,116,24,1,3,2,,30,395,232,32,163,32,0,2,0,
51,2024,2024-12-15,15,PHI,,PIT,1,Philadelphia Eagles,27,401,270,32,131,42,0,2,3,,13,163,107,22,56,17,0,2,2,
51,2024,2024-12-15,15,PHI,,PIT,0,Pittsburgh Steelers,13,163,107,22,56,17,0,2,2,,27,401,270,32,131,42,0,2,3,
51,2024,2024-12-15,15,TB,,LAC,1,Tampa Bay Buccaneers,40,506,283,27,223,39,1,1,1,,17,206,174,34,32,11,1,2,3,
51,2024,2024-12-15,15,TB,,LAC,0,Los Angeles Chargers,17,206,174,34,32,11,1,2,3,,40,506,283,27,223,39,1,1,1,
51,2024,2024-12-15,15,GB,,SEA,1,Green Bay Packers,30,369,229,27,140,34,0,2,0,,13,208,128,33,80,16,2,0,7,
51,2024,2024-12-15,15,GB,,SEA,0,Seattle Seahawks,13,208,128,33,80,16,2,0,7,,30,369,229,27,140,34,0,2,0,
51,2024,2024-12-16,15,MIN,,CHI,1,Minnesota Vikings,30,329,215,40,114,29,1,0,2,,12,284,171,32,113,29,0,1,2,
51,2024,2024-12-16,15,MIN,,CHI,0,Chicago Bears,12,284,171,32,113,29,0,1,2,,30,329,215,40,114,29,1,0,2,
51,2024,2024-12-16,15,ATL,,LV,1,Atlanta Falcons,15,261,93,17,168,37,1,1,3,,9,249,184,39,65,22,2,1,4,
51,2024,2024-12-16,15,ATL,,LV,0,Las Vegas Raiders,9,249,184,39,65,22,2,1,4,,15,261,93,17,168,37,1,1,3,
52,2024,2024-12-19,16,LAC,,DEN,1,Los Angeles Chargers,34,380,263,31,117,28,1,1,2,,27,355,245,40,110,21,0,1,2,
52,2024,2024-12-19,16,LAC,,DEN,0,Denver Broncos,27,355,245,40,110,21,0,1,2,,34,380,263,31,117,28,1,1,2,
52,2024,2024-12-21,16,KC,,HOU,1,Kansas City Chiefs,27,375,251,41,124,28,0,0,1,,19,311,227,39,84,17,2,1,2,
52,2024,2024-12-21,16,KC,,HOU,0,Houston Texans,19,311,227,39,84,17,2,1,2,,27,375,251,41,124,28,0,0,1,
52,2024,2024-12-21,16,BAL,,PIT,1,Baltimore Ravens,34,418,198,23,220,38,1,3,1,,17,315,198,33,117,24,1,2,3,
52,2024,2024-12-21,16,BAL,,PIT,0,Pittsburgh Steelers,17,315,198,33,117,24,1,2,3,,34,418,198,23,220,38,1,3,1,
52,2024,2024-12-22,16,ATL,,NYG,1,Atlanta Falcons,34,329,202,27,127,38,1,0,0,,7,234,189,39,45,13,2,1,3,
52,2024,2024-12-22,16,ATL,,NYG,0,New York Giants,7,234,189,39,45,13,2,1,3,,34,329,202,27,127,38,1,0,0,
52,2024,2024-12-22,16,CAR,,ARI,1,Carolina Panthers,36,392,149,26,243,36,0,0,3,,30,382,176,32,206,29,1,1,3,
52,2024,2024-12-22,16,CAR,,ARI,0,Arizona Cardinals,30,382,176,32,206,29,1,1,3,,36,392,149,26,243,36,0,0,3,
52,2024,2024-12-22,16,DET,,CHI,1,Detroit Lions,34,475,329,32,146,32,0,0,1,,17,382,323,40,59,17,0,3,2,
52,2024,2024-12-22,16,DET,,CHI,0,Chicago Bears,17,382,323,40,59,17,0,3,2,,34,475,329,32,146,32,0,0,1,
52,2024,2024-12-22,16,CIN,,CLE,1,Cincinnati Bengals,24,326,210,30,116,22,0,1,4,,6,273,125,34,148,24,2,2,5,
52,2024,2024-12-22,16,CIN,,CLE,0,Cleveland Browns,6,273,125,34,148,24,2,2,5,,24,326,210,30,116,22,0,1,4,
52,2024,2024-12-22,16,IND,,TEN,1,Indianapolis Colts,38,458,123,37,335,50,1,0,1,,30,307,242,34,65,22,3,0,1,
52,2024,2024-12-22,16,IND,,TEN,0,Tennessee Titans,30,307,242,34,65,22,3,0,1,,38,458,123,37,335,50,1,0,1,
52,2024,2024-12-22,16,LAR,,NYJ,1,Los Angeles Rams,19,242,110,19,132,31,1,0,0,,9,321,246,42,75,20,0,2,1,
52,2024,2024-12-22,16,LAR,,NYJ,0,New York Jets,9,321,246,42,75,20,0,2,1,,19,242,110,19,132,31,1,0,0,
52,2024,2024-12-22,16,WAS,,PHI,1,Washington Commanders,36,368,255,39,113,24,2,3,1,,33,338,127,28,211,39,1,2,4,
52,2024,2024-12-22,16,WAS,,PHI,0,Philadelphia Eagles,33,338,127,28,211,39,1,2,4,,36,368,255,39,113,24,2,3,1,
52,2024,2024-12-22,16,MIN,,SEA,1,Minnesota Vikings,27,298,217,35,81,24,0,1,3,,24,361,302,43,59,15,2,0,2,
52,2024,2024-12-22,16,MIN,,SEA,0,Seattle Seahawks,24,361,302,43,59,15,2,0,2,,27,298,217,35,81,24,0,1,3,
52,2024,2024-12-22,16,BUF,,NE,1,Buffalo Bills,24,324,152,29,172,28,1,2,1,,21,379,253,36,126,30,1,4,2,
52,2024,2024-12-22,16,BUF,,NE,0,New England Patriots,21,379,253,36,126,30,1,4,2,,24,324,152,29,172,28,1,2,1,
52,2024,2024-12-22,16,LV,,JAX,1,Las Vegas Raiders,19,314,245,38,69,27,0,0,2,,14,308,236,39,72,21,0,3,1,
52,2024,2024-12-22,16,LV,,JAX,0,Jacksonville Jaguars,14,308,236,39,72,21,0,3,1,,19,314,245,38,69,27,0,0,2,
52,2024,2024-12-22,16,MIA,,SF,1,Miami Dolphins,29,381,215,34,166,30,0,1,0,,17,374,293,40,81,18,1,0,3,
52,2024,2024-12-22,16,MIA,,SF,0,San Francisco 49ers,17,374,293,40,81,18,1,0,3,,29,381,215,34,166,30,0,1,0,
52,2024,2024-12-22,16,DAL,,TB,1,Dallas Cowboys,26,317,286,35,31,20,0,0,1,,24,410,276,43,134,23,1,3,4,
52,2024,2024-12-22,16,DAL,,TB,0,Tampa Bay Buccaneers,24,410,276,43,134,23,1,3,4,,26,317,286,35,31,20,0,0,1,
52,2024,2024-12-23,16,GB,,NO,1,Green Bay Packers,34,404,216,30,188,39,1,2,3,,0,196,129,30,67,20,0,0,0,
52,2024,2024-12-23,16,GB,,NO,0,New Orleans Saints,0,196,129,30,67,20,0,0,0,,34,404,216,30,188,39,1,2,3,
53,2024,2024-12-25,17,KC,,PIT,1,Kansas City Chiefs,29,389,320,38,69,20,0,1,0,,10,364,162,37,202,31,1,2,5,
53,2024,2024-12-25,17,KC,,PIT,0,Pittsburgh Steelers,10,364,162,37,202,31,1,2,5,,29,389,320,38,69,20,0,1,0,
53,2024,2024-12-25,17,BAL,,HOU,1,Baltimore Ravens,31,432,181,17,251,43,0,0,1,,2,211,153,32,58,17,1,1,5,
53,2024,2024-12-25,17,BAL,,HOU,0,Houston Texans,2,211,153,32,58,17,1,1,5,,31,432,181,17,251,43,0,0,1,
53,2024,2024-12-26,17,SEA,,CHI,1,Seattle Seahawks,6,265,143,23,122,25,0,3,3,,3,179,76,28,103,23,1,2,7,
53,2024,2024-12-26,17,SEA,,CHI,0,Chicago Bears,3,179,76,28,103,23,1,2,7,,6,265,143,23,122,25,0,3,3,
53,2024,2024-12-28,17,LAC,,NE,1,Los Angeles Chargers,40,428,281,40,147,37,0,0,0,,7,181,85,24,96,20,0,1,4,
53,2024,2024-12-28,17,LAC,,NE,0,New England Patriots,7,181,85,24,96,20,0,1,4,,40,428,281,40,147,37,0,0,0,
53,2024,2024-12-28,17,CIN,,DEN,1,Cincinnati Bengals,30,499,384,49,115,28,0,1,7,,24,329,206,31,123,27,1,2,2,
53,2024,2024-12-28,17,CIN,,DEN,0,Denver Broncos,24,329,206,31,123,27,1,2,2,,30,499,384,49,115,28,0,1,7,
53,2024,2024-12-28,17,LAR,,ARI,1,Los Angeles Rams,13,257,189,32,68,22,0,0,0,,9,396,283,48,113,22,2,0,4,
53,2024,2024-12-28,17,LAR,,ARI,0,Arizona Cardinals,9,396,283,48,113,22,2,0,4,,13,257,189,32,68,22,0,0,0,
53,2024,2024-12-29,17,BUF,,NYJ,1,Buffalo Bills,40,348,251,28,97,34,0,0,0,,14,281,169,32,112,21,2,2,4,
53,2024,2024-12-29,17,BUF,,NYJ,0,New York Jets,14,281,169,32,112,21,2,2,4,,40,348,251,28,97,34,0,0,0,
53,2024,2024-12-29,17,TB,,CAR,1,Tampa Bay Buccaneers,48,551,349,32,202,40,0,0,2,,14,204,165,28,39,13,0,2,5,
53,2024,2024-12-29,17,TB,,CAR,0,Carolina Panthers,14,204,165,28,39,13,0,2,5,,48,551,349,32,202,40,0,0,2,
53,2024,2024-12-29,17,NYG,,IND,1,New York Giants,45,389,309,23,80,30,0,1,0,,33,446,320,38,126,33,2,1,2,
53,2024,2024-12-29,17,NYG,,IND,0,Indianapolis Colts,33,446,320,38,126,33,2,1,2,,45,389,309,23,80,30,0,1,0,
53,2024,2024-12-29,17,PHI,,DAL,1,Philadelphia Eagles,41,376,197,19,179,42,0,0,0,,7,268,141,29,127,30,2,2,1,
53,2024,2024-12-29,17,PHI,,DAL,0,Dallas Cowboys,7,268,141,29,127,30,2,2,1,,41,376,197,19,179,42,0,0,0,
53,2024,2024-12-29,17,JAX,,TEN,1,Jacksonville Jaguars,20,295,173,22,122,33,0,0,2,,13,337,178,31,159,30,1,2,3,
53,2024,2024-12-29,17,JAX,,TEN,0,Tennessee Titans,13,337,178,31,159,30,1,2,3,,20,295,173,22,122,33,0,0,2,
53,2024,2024-12-29,17,LV,,NO,1,Las Vegas Raiders,25,388,232,35,156,38,0,0,1,,10,269,188,36,81,13,2,2,4,
53,2024,2024-12-29,17,LV,,NO,0,New Orleans Saints,10,269,188,36,81,13,2,2,4,,25,388,232,35,156,38,0,0,1,
53,2024,2024-12-29,17,MIA,,CLE,1,Miami Dolphins,20,280,206,26,74,27,0,1,4,,3,276,162,47,114,28,1,1,1,
53,2024,2024-12-29,17,MIA,,CLE,0,Cleveland Browns,3,276,162,47,114,28,1,1,1,,20,280,206,26,74,27,0,1,4,
53,2024,2024-12-29,17,MIN,,GB,1,Minnesota Vikings,27,441,372,43,69,26,1,1,1,,25,271,167,30,104,24,0,2,3,
53,2024,2024-12-29,17,MIN,,GB,0,Green Bay Packers,25,271,167,30,104,24,0,2,3,,27,441,372,43,69,26,1,1,1,
53,2024,2024-12-29,17,WAS,,ATL,1,Washington Commanders,30,412,196,36,216,36,1,1,5,,24,337,211,35,126,23,1,3,2,
53,2024,2024-12-29,17,WAS,,ATL,0,Atlanta Falcons,24,337,211,35,126,23,1,3,2,,30,412,196,36,216,36,1,1,5,
53,2024,2024-12-30,17,DET,,SF,1,Detroit Lions,40,439,287,34,152,33,0,0,2,,34,475,400,40,75,18,2,2,2,
53,2024,2024-12-30,17,DET,,SF,0,San Francisco 49ers,34,475,400,40,75,18,2,2,2,,40,439,287,34,152,33,0,0,2,
54,2024,2025-01-04,18,BAL,,CLE,1,Baltimore Ravens,35,437,217,32,220,35,0,0,0,,10,230,174,34,56,19,2,0,2,
54,2024,2025-01-04,18,BAL,,CLE,0,Cleveland Browns,10,230,174,34,56,19,2,0,2,,35,437,217,32,220,35,0,0,0,
54,2024,2025-01-04,18,CIN,,PIT,1,Cincinnati Bengals,19,314,246,46,68,21,1,3,4,,17,193,119,31,74,23,0,2,4,
54,2024,2025-01-04,18,CIN,,PIT,0,Pittsburgh Steelers,17,193,119,31,74,23,0,2,4,,19,314,246,46,68,21,1,3,4,
54,2024,2025-01-05,18,CAR,,ATL,1,Carolina Panthers,44,425,270,35,155,30,0,1,0,,38,537,310,38,227,38,1,0,1,
54,2024,2025-01-05,18,CAR,,ATL,0,Atlanta Falcons,38,537,310,38,227,38,1,0,1,,44,425,270,35,155,30,0,1,0,
54,2024,2025-01-05,18,NE,,BUF,1,New England Patriots,23,309,232,30,77,30,0,1,1,,16,259,129,32,130,33,0,1,0,
54,2024,2025-01-05,18,NE,,BUF,0,Buffalo Bills,16,259,129,32,130,33,0,1,0,,23,309,232,30,77,30,0,1,1,
54,2024,2025-01-05,18,CHI,,GB,1,Chicago Bears,24,224,141,30,83,26,1,2,1,,22,367,184,25,183,33,0,4,3,
54,2024,2025-01-05,18,CHI,,GB,0,Green Bay Packers,22,367,184,25,183,33,0,4,3,,24,224,141,30,83,26,1,2,1,
54,2024,2025-01-05,18,IND,,JAX,1,Indianapolis Colts,26,429,252,40,177,34,0,0,3,,23,319,206,32,113,34,1,1,2,
54,2024,2025-01-05,18,IND,,JAX,0,Jacksonville Jaguars,23,319,206,32,113,34,1,1,2,,26,429,252,40,177,34,0,0,3,
54,2024,2025-01-05,18,WAS,,DAL,1,Washington Commanders,23,269,156,31,113,18,0,1,6,,19,378,228,34,150,39,0,0,2,
54,2024,2025-01-05,18,WAS,,DAL,0,Dallas Cowboys,19,378,228,34,150,39,0,0,2,,23,269,156,31,113,18,0,1,6,
54,2024,2025-01-05,18,HOU,,TEN,1,Houston Texans,23,374,167,28,207,29,0,2,1,,14,314,229,26,85,32,0,2,2,
54,2024,2025-01-05,18,HOU,,TEN,0,Tennessee Titans,14,314,229,26,85,32,0,2,2,,23,374,167,28,207,29,0,2,1,
54,2024,2025-01-05,18,TB,,NO,1,Tampa Bay Buccaneers,27,395,216,32,179,31,1,1,1,,19,292,228,42,64,19,0,0,2,
54,2024,2025-01-05,18,TB,,NO,0,New Orleans Saints,19,292,228,42,64,19,0,0,2,,27,395,216,32,179,31,1,1,1,
54,2024,2025-01-05,18,PHI,,NYG,1,Philadelphia Eagles,20,303,252,41,51,25,0,1,2,,13,238,138,29,100,25,1,1,0,
54,2024,2025-01-05,18,PHI,,NYG,0,New York Giants,13,238,138,29,100,25,1,1,0,,20,303,252,41,51,25,0,1,2,
54,2024,2025-01-05,18,ARI,,SF,1,Arizona Cardinals,47,393,242,35,151,27,0,1,0,,24,436,298,43,138,28,2,3,2,
54,2024,2025-01-05,18,ARI,,SF,0,San Francisco 49ers,24,436,298,43,138,28,2,3,2,,47,393,242,35,151,27,0,1,0,
54,2024,2025-01-05,18,DEN,,KC,1,Denver Broncos,38,479,321,29,158,43,0,0,0,,0,98,71,17,27,11,0,2,5,
54,2024,2025-01-05,18,DEN,,KC,0,Kansas City Chiefs,0,98,71,17,27,11,0,2,5,,38,479,321,29,158,43,0,0,0,
54,2024,2025-01-05,18,NYJ,,MIA,1,New York Jets,32,375,257,37,118,22,1,1,3,,20,334,199,41,135,23,2,5,4,
54,2024,2025-01-05,18,NYJ,,MIA,0,Miami Dolphins,20,334,199,41,135,23,2,5,4,,32,375,257,37,118,22,1,1,3,
54,2024,2025-01-05,18,LAC,,LV,1,Los Angeles Chargers,34,473,336,36,137,35,0,1,1,,20,264,225,36,39,12,1,0,0,
54,2024,2025-01-05,18,LAC,,LV,0,Las Vegas Raiders,20,264,225,36,39,12,1,0,0,,34,473,336,36,137,35,0,1,1,
54,2024,2025-01-05,18,SEA,,LAR,1,Seattle Seahawks,30,336,210,27,126,24,0,0,2,,25,403,319,41,84,21,1,0,3,
54,2024,2025-01-05,18,SEA,,LAR,0,Los Angeles Rams,25,403,319,41,84,21,1,0,3,,30,336,210,27,126,24,0,0,2,
54,2024,2025-01-05,18,DET,,MIN,1,Detroit Lions,31,394,216,33,178,31,2,0,2,,9,262,142,41,120,19,0,0,2,
54,2024,2025-01-05,18,DET,,MIN,0,Minnesota Vikings,9,262,142,41,120,19,0,0,2,,31,394,216,33,178,31,2,0,2,
55,2025,2025-09-04,1,DAL,@,PHI,0,Dallas Cowboys,20,307,188,34,119,22,0,1,0,2,24,302,144,23,158,38,0,0,1,3
55,2025,2025-09-04,1,DAL,@,PHI,1,Philadelphia Eagles,24,302,144,23,158,38,0,0,1,3,20,307,188,34,119,22,0,1,0,2
55,2025,2025-09-05,1,KC,@,LAC,0,Kansas City Chiefs,21,347,249,39,98,17,0,0,2,2,27,394,304,34,90,25,0,0,3,3
55,2025,2025-09-05,1,KC,@,LAC,1,Los Angeles Chargers,27,394,304,34,90,25,0,0,3,3,21,347,249,39,98,17,0,0,2,3
55,2025,2025-09-07,1,TB,@,ATL,1,Tampa Bay Buccaneers,23,260,159,32,101,23,0,0,1,3,20,358,289,42,69,28,0,0,1,2
55,2025,2025-09-07,1,TB,@,ATL,0,Atlanta Falcons,20,358,289,42,69,28,0,0,1,2,23,260,159,32,101,23,0,0,1,3
55,2025,2025-09-07,1,CIN,@,CLE,1,Cincinnati Bengals,17,141,95,23,46,23,0,0,3,2,16,327,278,45,49,24,2,0,2,2
55,2025,2025-09-07,1,CIN,@,CLE,0,Cleveland Browns,16,327,278,45,49,24,2,0,2,2,17,141,95,23,46,23,0,0,3,2
55,2025,2025-09-07,1,MIA,@,IND,0,Miami Dolphins,8,211,133,31,78,12,2,1,3,1,33,418,262,29,156,40,0,0,1,4
55,2025,2025-09-07,1,MIA,@,IND,1,Indianapolis Colts,33,418,262,29,156,40,0,0,1,3,8,211,133,31,78,12,2,1,3,1
55,2025,2025-09-07,1,CAR,@,JAX,0,Carolina Panthers,10,255,142,35,113,25,2,1,1,1,26,378,178,31,200,32,1,0,0,3
55,2025,2025-09-07,1,CAR,@,JAX,1,Jacksonville Jaguars,26,378,178,31,200,32,1,0,0,2,10,255,142,35,113,25,2,1,1,1
55,2025,2025-09-07,1,ARI,@,NO,1,Arizona Cardinals,20,276,130,29,146,27,0,0,5,2,13,315,208,46,107,22,0,0,1,1
55,2025,2025-09-07,1,ARI,@,NO,0,New Orleans Saints,13,315,208,46,107,22,0,0,1,1,20,276,130,29,146,27,0,0,5,2
55,2025,2025-09-07,1,LV,@,NE,1,Las Vegas Raiders,20,389,333,34,56,24,1,0,4,2,13,336,276,46,60,18,1,0,4,1
55,2025,2025-09-07,1,LV,@,NE,0,New England Patriots,13,336,276,46,60,18,1,0,4,1,20,389,333,34,56,24,1,0,4,2
55,2025,2025-09-07,1,PIT,@,NYJ,1,Pittsburgh Steelers,34,271,218,30,53,20,0,0,4,4,32,394,212,22,182,39,0,1,1,4
55,2025,2025-09-07,1,PIT,@,NYJ,0,New York Jets,32,394,212,22,182,39,0,1,1,4,34,271,218,30,53,20,0,0,4,4
55,2025,2025-09-07,1,NYG,@,WAS,0,New York Giants,6,231,157,37,74,23,0,0,2,0,21,432,212,30,220,32,0,0,3,3
55,2025,2025-09-07,1,NYG,@,WAS,1,Washington Commanders,21,432,212,30,220,32,0,0,3,3,6,231,157,37,74,23,0,0,2,0
55,2025,2025-09-07,1,TEN,@,DEN,0,Tennessee Titans,12,133,62,28,71,21,0,2,6,0,20,317,166,40,151,30,2,2,1,2
55,2025,2025-09-07,1,TEN,@,DEN,1,Denver Broncos,20,317,166,40,151,30,2,2,1,2,12,133,62,28,71,21,0,2,6,1
55,2025,2025-09-07,1,SF,@,SEA,1,San Francisco 49ers,17,384,265,35,119,36,2,0,1,2,13,230,146,23,84,26,0,2,1,1
55,2025,2025-09-07,1,SF,@,SEA,0,Seattle Seahawks,13,230,146,23,84,26,0,2,1,1,17,384,265,35,119,36,2,0,1,2
55,2025,2025-09-07,1,DET,@,GB,0,Detroit Lions,13,246,200,39,46,22,1,0,4,1,27,266,188,22,78,25,0,0,0,3
55,2025,2025-09-07,1,DET,@,GB,1,Green Bay Packers,27,266,188,22,78,25,0,0,0,3,13,246,200,39,46,22,1,0,4,1
55,2025,2025-09-07,1,HOU,@,LAR,0,Houston Texans,9,265,151,27,114,27,1,1,3,0,14,296,224,29,72,25,0,1,3,2
55,2025,2025-09-07,1,HOU,@,LAR,1,Los Angeles Rams,14,296,224,29,72,25,0,1,3,2,9,265,151,27,114,27,1,1,3,1
55,2025,2025-09-07,1,BAL,@,BUF,0,Baltimore Ravens,40,432,194,19,238,29,0,1,2,5,41,497,389,46,108,31,0,0,1,5
55,2025,2025-09-07,1,BAL,@,BUF,1,Buffalo Bills,41,497,389,46,108,31,0,0,1,5,40,432,194,19,238,29,0,1,2,5
55,2025,2025-09-08,1,MIN,@,CHI,1,Minnesota Vikings,27,254,134,20,120,26,1,0,3,3,24,317,198,35,119,26,0,1,2,3
55,2025,2025-09-08,1,MIN,@,CHI,0,Chicago Bears,24,317,198,35,119,26,0,1,2,2,27,254,134,20,120,26,1,0,3,3
56,2025,2025-09-11,2,WAS,@,GB,0,Washington Commanders,18,230,179,42,51,19,0,0,4,2,27,404,269,31,135,30,0,0,2,3
56,2025,2025-09-11,2,WAS,@,GB,1,Green Bay Packers,27,404,269,31,135,30,0,0,2,3,18,230,179,42,51,19,0,0,4,2
56,2025,2025-09-14,2,JAX,@,CIN,0,Jacksonville Jaguars,27,400,261,42,139,27,2,0,1,3,31,350,302,45,48,17,3,0,3,4
56,2025,2025-09-14,2,JAX,@,CIN,1,Cincinnati Bengals,31,350,302,45,48,17,3,0,3,4,27,400,261,42,139,27,2,0,1,3
56,2025,2025-09-14,2,NYG,@,DAL,0,New York Giants,37,506,422,41,84,21,1,0,3,4,40,478,343,52,135,28,1,0,3,5
56,2025,2025-09-14,2,NYG,@,DAL,1,Dallas Cowboys,40,478,343,52,135,28,1,0,3,4,37,506,422,41,84,21,1,0,3,5
56,2025,2025-09-14,2,CHI,@,DET,0,Chicago Bears,21,339,205,33,134,27,1,1,4,3,52,511,334,28,177,30,0,0,0,7
56,2025,2025-09-14,2,CHI,@,DET,1,Detroit Lions,52,511,334,28,177,30,0,0,0,7,21,339,205,33,134,27,1,1,4,3
56,2025,2025-09-14,2,NE,@,MIA,1,New England Patriots,33,333,211,23,122,29,0,0,3,3,27,358,297,32,61,15,1,0,5,3
56,2025,2025-09-14,2,NE,@,MIA,0,Miami Dolphins,27,358,297,32,61,15,1,0,5,2,33,333,211,23,122,29,0,0,3,4
56,2025,2025-09-14,2,SF,@,NO,1,San Francisco 49ers,26,344,267,39,77,26,0,1,3,3,21,307,186,34,121,30,0,1,3,3
56,2025,2025-09-14,2,SF,@,NO,0,New Orleans Saints,21,307,186,34,121,30,0,1,3,3,26,344,267,39,77,26,0,1,3,3
56,2025,2025-09-14,2,BUF,@,NYJ,1,Buffalo Bills,30,403,179,27,224,43,0,0,1,3,10,154,54,22,100,21,0,1,4,1
56,2025,2025-09-14,2,BUF,@,NYJ,0,New York Jets,10,154,54,22,100,21,0,1,4,1,30,403,179,27,224,43,0,0,1,4
56,2025,2025-09-14,2,LAR,@,TEN,1,Los Angeles Rams,33,439,290,33,149,25,1,0,1,4,19,252,143,33,109,26,0,1,5,2
56,2025,2025-09-14,2,LAR,@,TEN,0,Tennessee Titans,19,252,143,33,109,26,0,1,5,1,33,439,290,33,149,25,1,0,1,4
56,2025,2025-09-14,2,SEA,@,PIT,1,Seattle Seahawks,31,395,278,33,117,29,2,0,2,3,17,267,195,35,72,21,2,0,3,2
56,2025,2025-09-14,2,SEA,@,PIT,0,Pittsburgh Steelers,17,267,195,35,72,21,2,0,3,1,31,395,278,33,117,29,2,0,2,4
56,2025,2025-09-14,2,CLE,@,BAL,0,Cleveland Browns,17,322,207,48,115,22,1,1,2,2,41,242,197,29,45,21,0,0,3,5
56,2025,2025-09-14,2,CLE,@,BAL,1,Baltimore Ravens,41,242,197,29,45,21,0,0,3,4,17,322,207,48,115,22,1,1,2,2
56,2025,2025-09-14,2,DEN,@,IND,0,Denver Broncos,28,324,206,30,118,24,1,0,0,4,29,473,306,34,167,32,0,0,1,4
56,2025,2025-09-14,2,DEN,@,IND,1,Indianapolis Colts,29,473,306,34,167,32,0,0,1,2,28,324,206,30,118,24,1,0,0,4
56,2025,2025-09-14,2,CAR,@,ARI,0,Carolina Panthers,22,352,303,55,49,19,1,1,3,3,27,293,211,25,82,22,1,0,1,3
56,2025,2025-09-14,2,CAR,@,ARI,1,Arizona Cardinals,27,293,211,25,82,22,1,0,1,2,22,352,303,55,49,19,1,1,3,3
56,2025,2025-09-14,2,PHI,@,KC,1,Philadelphia Eagles,20,216,94,22,122,34,0,0,2,2,17,294,173,29,121,26,1,0,2,2
56,2025,2025-09-14,2,PHI,@,KC,0,Kansas City Chiefs,17,294,173,29,121,26,1,0,2,2,20,216,94,22,122,34,0,0,2,2
56,2025,2025-09-14,2,ATL,@,MIN,1,Atlanta Falcons,22,326,108,21,218,39,0,1,3,1,6,198,120,21,78,19,2,2,6,0
56,2025,2025-09-14,2,ATL,@,MIN,0,Minnesota Vikings,6,198,120,21,78,19,2,2,6,0,22,326,108,21,218,39,0,1,3,3
56,2025,2025-09-15,2,TB,@,HOU,1,Tampa Bay Buccaneers,20,360,191,38,169,30,0,0,4,3,19,266,182,24,84,19,0,0,3,2
56,2025,2025-09-15,2,TB,@,HOU,0,Houston Texans,19,266,182,24,84,19,0,0,3,2,20,360,191,38,169,30,0,0,4,2
56,2025,2025-09-15,2,LAC,@,LV,1,Los Angeles Chargers,20,317,236,27,81,26,0,1,2,2,9,218,150,43,68,19,3,0,3,1
56,2025,2025-09-15,2,LAC,@,LV,0,Las Vegas Raiders,9,218,150,43,68,19,3,0,3,0,20,317,236,27,81,26,0,1,2,2
57,2025,2025-09-18,3,MIA,@,BUF,0,Miami Dolphins,21,276,146,34,130,25,1,0,0,3,31,360,203,28,157,27,0,0,2,4
57,2025,2025-09-18,3,MIA,@,BUF,1,Buffalo Bills,31,360,203,28,157,27,0,0,2,4,21,276,146,34,130,25,1,0,0,3
57,2025,2025-09-21,3,ATL,@,CAR,0,Atlanta Falcons,0,332,201,43,131,23,2,1,0,0,30,224,114,24,110,30,0,1,1,4
57,2025,2025-09-21,3,ATL,@,CAR,1,Carolina Panthers,30,224,114,24,110,30,0,1,1,2,0,332,201,43,131,23,2,1,0,0
57,2025,2025-09-21,3,GB,@,CLE,0,Green Bay Packers,10,230,149,25,81,31,1,0,5,1,13,221,125,36,96,19,1,0,2,1
57,2025,2025-09-21,3,GB,@,CLE,1,Cleveland Browns,13,221,125,36,96,19,1,0,2,1,10,230,149,25,81,31,1,0,5,1
57,2025,2025-09-21,3,HOU,@,JAX,0,Houston Texans,10,271,184,38,87,19,2,1,2,1,17,291,205,40,86,24,1,0,2,2
57,2025,2025-09-21,3,HOU,@,JAX,1,Jacksonville Jaguars,17,291,205,40,86,24,1,0,2,2,10,271,184,38,87,19,2,1,2,1
57,2025,2025-09-21,3,CIN,@,MIN,0,Cincinnati Bengals,10,171,118,27,53,21,2,3,4,1,48,352,183,24,169,31,0,0,3,6
57,2025,2025-09-21,3,CIN,@,MIN,1,Minnesota Vikings,48,352,183,24,169,31,0,0,3,4,10,171,118,27,53,21,2,3,4,1
57,2025,2025-09-21,3,PIT,@,NE,1,Pittsburgh Steelers,21,203,139,23,64,26,1,0,0,3,14,369,250,37,119,29,1,4,5,2
57,2025,2025-09-21,3,PIT,@,NE,0,New England Patriots,14,369,250,37,119,29,1,4,5,2,21,203,139,23,64,26,1,0,0,3
57,2025,2025-09-21,3,IND,@,TEN,1,Indianapolis Colts,41,365,228,25,137,28,0,0,0,4,20,282,196,38,86,23,1,0,4,2
57,2025,2025-09-21,3,IND,@,TEN,0,Tennessee Titans,20,282,196,38,86,23,1,0,4,2,41,365,228,25,137,28,0,0,0,5
57,2025,2025-09-21,3,LAR,@,PHI,0,Los Angeles Rams,26,356,196,34,160,31,1,0,1,2,33,288,202,32,86,27,0,1,4,4
57,2025,2025-09-21,3,LAR,@,PHI,1,Philadelphia Eagles,33,288,202,32,86,27,0,1,4,4,26,356,196,34,160,31,1,0,1,3
57,2025,2025-09-21,3,NYJ,@,TB,0,New York Jets,27,267,168,36,99,23,1,1,4,2,29,347,225,29,122,34,0,0,1,4
57,2025,2025-09-21,3,NYJ,@,TB,1,Tampa Bay Buccaneers,29,347,225,29,122,34,0,0,1,1,27,267,168,36,99,23,1,1,4,3
57,2025,2025-09-21,3,LV,@,WAS,0,Las Vegas Raiders,24,354,261,29,93,28,0,0,5,3,41,400,199,21,201,32,0,1,1,5
57,2025,2025-09-21,3,LV,@,WAS,1,Washington Commanders,41,400,199,21,201,32,0,1,1,4,24,354,261,29,93,28,0,0,5,3
57,2025,2025-09-21,3,DEN,@,LAC,0,Denver Broncos,20,265,147,25,118,21,0,0,2,2,23,376,270,47,106,28,1,1,5,3
57,2025,2025-09-21,3,DEN,@,LAC,1,Los Angeles Chargers,23,376,270,47,106,28,1,1,5,2,20,265,147,25,118,21,0,0,2,2
57,2025,2025-09-21,3,NO,@,SEA,0,New Orleans Saints,13,284,205,41,79,27,1,0,2,1,44,320,233,21,87,33,0,1,0,6
57,2025,2025-09-21,3,NO,@,SEA,1,Seattle Seahawks,44,320,233,21,87,33,0,1,0,4,13,284,205,41,79,27,1,0,2,1
57,2025,2025-09-21,3,DAL,@,CHI,0,Dallas Cowboys,14,396,275,45,121,20,3,1,2,1,31,385,298,28,87,29,0,0,0,4
57,2025,2025-09-21,3,DAL,@,CHI,1,Chicago Bears,31,385,298,28,87,29,0,0,0,4,14,396,275,45,121,20,3,1,2,2
57,2025,2025-09-21,3,ARI,@,SF,0,Arizona Cardinals,15,260,154,35,106,28,0,0,1,1,16,355,282,41,73,20,1,0,1,2
57,2025,2025-09-21,3,ARI,@,SF,1,San Francisco 49ers,16,355,282,41,73,20,1,0,1,1,15,260,154,35,106,28,0,0,1,2
57,2025,2025-09-21,3,KC,@,NYG,1,Kansas City Chiefs,22,306,201,37,105,28,0,0,2,2,9,281,151,32,130,27,2,0,2,1
57,2025,2025-09-21,3,KC,@,NYG,0,New York Giants,9,281,151,32,130,27,2,0,2,1,22,306,201,37,105,28,0,0,2,3
57,2025,2025-09-22,3,DET,@,BAL,1,Detroit Lions,38,426,202,28,224,38,0,0,0,5,30,318,233,28,85,19,0,1,7,4
57,2025,2025-09-22,3,DET,@,BAL,0,Baltimore Ravens,30,318,233,28,85,19,0,1,7,4,38,426,202,28,224,38,0,0,0,5
58,2025,2025-09-25,4,SEA,@,ARI,1,Seattle Seahawks,23,384,229,26,155,35,0,1,3,2,20,253,164,41,89,17,2,0,6,2
58,2025,2025-09-25,4,SEA,@,ARI,0,Arizona Cardinals,20,253,164,41,89,17,2,0,6,2,23,384,229,26,155,35,0,1,3,3
58,2025,2025-09-28,4,MIN,@,PIT,0,Minnesota Vikings,21,372,302,46,70,20,2,0,6,2,24,313,182,22,131,29,0,0,2,3
58,2025,2025-09-28,4,MIN,@,PIT,1,Pittsburgh Steelers,24,313,182,22,131,29,0,0,2,3,21,372,302,46,70,20,2,0,6,3
58,2025,2025-09-28,4,WAS,@,ATL,0,Washington Commanders,27,294,147,27,147,22,1,0,2,2,34,435,307,26,128,37,1,0,1,4
58,2025,2025-09-28,4,WAS,@,ATL,1,Atlanta Falcons,34,435,307,26,128,37,1,0,1,4,27,294,147,27,147,22,1,0,2,3
58,2025,2025-09-28,4,NO,@,BUF,0,New Orleans Saints,19,298,109,28,189,34,1,0,3,2,31,356,191,22,165,32,1,0,3,4
58,2025,2025-09-28,4,NO,@,BUF,1,Buffalo Bills,31,356,191,22,165,32,1,0,3,4,19,298,109,28,189,34,1,0,3,2
58,2025,2025-09-28,4,CLE,@,DET,0,Cleveland Browns,10,249,170,35,79,27,2,1,3,1,34,277,168,27,109,29,1,0,0,4
58,2025,2025-09-28,4,CLE,@,DET,1,Detroit Lions,34,277,168,27,109,29,1,0,0,3,10,249,170,35,79,27,2,1,3,1
58,2025,2025-09-28,4,TEN,@,HOU,0,Tennessee Titans,0,175,93,26,82,18,1,0,2,0,26,353,224,28,129,35,0,0,2,3
58,2025,2025-09-28,4,TEN,@,HOU,1,Houston Texans,26,353,224,28,129,35,0,0,2,3,0,175,93,26,82,18,1,0,2,0
58,2025,2025-09-28,4,CAR,@,NE,0,Carolina Panthers,13,326,197,36,129,28,0,0,1,2,42,307,203,18,104,29,0,0,1,6
58,2025,2025-09-28,4,CAR,@,NE,1,New England Patriots,42,307,203,18,104,29,0,0,1,5,13,326,197,36,129,28,0,0,1,1
58,2025,2025-09-28,4,LAC,@,NYG,0,Los Angeles Chargers,18,338,186,41,152,13,2,0,2,2,21,250,89,21,161,42,0,0,6,3
58,2025,2025-09-28,4,LAC,@,NYG,1,New York Giants,21,250,89,21,161,42,0,0,6,2,18,338,186,41,152,13,2,0,2,2
58,2025,2025-09-28,4,PHI,@,TB,1,Philadelphia Eagles,31,200,112,24,88,32,0,0,2,3,25,376,272,40,104,26,1,1,2,3
58,2025,2025-09-28,4,PHI,@,TB,0,Tampa Bay Buccaneers,25,376,272,40,104,26,1,1,2,2,31,200,112,24,88,32,0,0,2,4
58,2025,2025-09-28,4,IND,@,LAR,0,Indianapolis Colts,20,333,248,33,85,21,2,1,2,2,27,462,360,41,102,26,0,1,3,3
58,2025,2025-09-28,4,IND,@,LAR,1,Los Angeles Rams,27,462,360,41,102,26,0,1,3,3,20,333,248,33,85,21,2,1,2,2
58,2025,2025-09-28,4,JAX,@,SF,1,Jacksonville Jaguars,26,325,174,31,151,32,0,0,0,2,21,389,306,38,83,24,2,2,1,3
58,2025,2025-09-28,4,JAX,@,SF,0,San Francisco 49ers,21,389,306,38,83,24,2,2,1,2,26,325,174,31,151,32,0,0,0,3
58,2025,2025-09-28,4,BAL,@,KC,0,Baltimore Ravens,20,360,194,33,166,17,1,1,3,2,37,382,264,37,118,32,0,0,1,5
58,2025,2025-09-28,4,BAL,@,KC,1,Kansas City Chiefs,37,382,264,37,118,32,0,0,1,4,20,360,194,33,166,17,1,1,3,2
58,2025,2025-09-28,4,CHI,@,LV,1,Chicago Bears,25,271,202,37,69,26,1,0,1,2,24,357,117,21,240,31,3,1,0,3
58,2025,2025-09-28,4,CHI,@,LV,0,Las Vegas Raiders,24,357,117,21,240,31,3,1,0,3,25,271,202,37,69,26,1,0,1,3
58,2025,2025-09-28,4,GB,@,DAL,0,Green Bay Packers,40,489,325,43,164,35,0,1,1,5,40,436,319,40,117,26,0,0,1,5
58,2025,2025-09-28,4,GB,@,DAL,0,Dallas Cowboys,40,436,319,40,117,26,0,0,1,5,40,489,325,43,164,35,0,1,1,5
58,2025,2025-09-29,4,NYJ,@,MIA,0,New York Jets,21,404,207,27,197,28,0,3,2,2,27,300,177,25,123,31,0,0,0,3
58,2025,2025-09-29,4,NYJ,@,MIA,1,Miami Dolphins,27,300,177,25,123,31,0,0,0,3,21,404,207,27,197,28,0,3,2,3
58,2025,2025-09-29,4,CIN,@,DEN,0,Cincinnati Bengals,3,159,106,25,53,15,0,0,3,0,28,512,326,42,186,38,1,0,0,4
58,2025,2025-09-29,4,CIN,@,DEN,1,Denver Broncos,28,512,326,42,186,38,1,0,0,4,3,159,106,25,53,15,0,0,3,0
59,2025,2025-10-02,5,SF,@,LAR,1,San Francisco 49ers,26,407,333,49,74,33,0,0,1,2,23,456,378,47,78,16,0,2,1,3
59,2025,2025-10-02,5,SF,@,LAR,0,Los Angeles Rams,23,456,378,47,78,16,0,2,1,3,26,407,333,49,74,33,0,0,1,3
59,2025,2025-10-05,5,MIN,@,CLE,1,Minnesota Vikings,21,349,252,35,97,23,0,2,3,3,17,322,182,33,140,32,0,0,2,2
59,2025,2025-10-05,5,MIN,@,CLE,0,Cleveland Browns,17,322,182,33,140,32,0,0,2,2,21,349,252,35,97,23,0,2,3,3
59,2025,2025-10-05,5,MIA,@,CAR,0,Miami Dolphins,24,248,229,36,19,14,0,0,3,3,27,418,179,30,239,32,1,1,3,3
59,2025,2025-10-05,5,MIA,@,CAR,1,Carolina Panthers,27,418,179,30,239,32,1,1,3,3,24,248,229,36,19,14,0,0,3,3
59,2025,2025-10-05,5,LV,@,IND,0,Las Vegas Raiders,6,296,190,36,106,25,2,0,4,0,40,317,221,32,96,25,0,0,0,5
59,2025,2025-10-05,5,LV,@,IND,1,Indianapolis Colts,40,317,221,32,96,25,0,0,0,6,6,296,190,36,106,25,2,0,4,0
59,2025,2025-10-05,5,NYG,@,NO,0,New York Giants,14,335,199,40,136,29,2,3,1,2,26,332,244,32,88,30,0,0,0,3
59,2025,2025-10-05,5,NYG,@,NO,1,New Orleans Saints,26,332,244,32,88,30,0,0,0,1,14,335,199,40,136,29,2,3,1,2
59,2025,2025-10-05,5,DAL,@,NYJ,1,Dallas Cowboys,37,416,236,29,180,29,0,0,1,5,22,378,234,46,144,22,0,1,5,3
59,2025,2025-10-05,5,DAL,@,NYJ,0,New York Jets,22,378,234,46,144,22,0,1,5,2,37,416,236,29,180,29,0,0,1,5
59,2025,2025-10-05,5,DEN,@,PHI,1,Denver Broncos,21,358,228,39,130,29,0,0,2,2,17,302,257,38,45,11,0,0,6,2
59,2025,2025-10-05,5,DEN,@,PHI,0,Philadelphia Eagles,17,302,257,38,45,11,0,0,6,2,21,358,228,39,130,29,0,0,2,3
59,2025,2025-10-05,5,HOU,@,BAL,1,Houston Texans,44,417,250,31,167,33,0,0,2,5,10,207,163,20,44,19,3,0,1,1
59,2025,2025-10-05,5,HOU,@,BAL,0,Baltimore Ravens,10,207,163,20,44,19,3,0,1,1,44,417,250,31,167,33,0,0,2,6
59,2025,2025-10-05,5,TEN,@,ARI,1,Tennessee Titans,22,327,249,39,78,24,1,1,2,1,21,360,192,32,168,29,0,3,3,3
59,2025,2025-10-05,5,TEN,@,ARI,0,Arizona Cardinals,21,360,192,32,168,29,0,3,3,3,22,327,249,39,78,24,1,1,2,3
59,2025,2025-10-05,5,TB,@,SEA,1,Tampa Bay Buccaneers,38,426,370,33,56,24,0,0,1,4,35,463,341,34,122,20,1,1,0,5
59,2025,2025-10-05,5,TB,@,SEA,0,Seattle Seahawks,35,463,341,34,122,20,1,1,0,5,38,426,370,33,56,24,0,0,1,5
59,2025,2025-10-05,5,DET,@,CIN,1,Detroit Lions,37,365,247,24,118,33,0,1,4,5,24,322,237,40,85,16,3,0,2,3
59,2025,2025-10-05,5,DET,@,CIN,0,Cincinnati Bengals,24,322,237,40,85,16,3,0,2,3,37,365,247,24,118,33,0,1,4,5
59,2025,2025-10-05,5,WAS,@,LAC,1,Washington Commanders,27,389,226,26,163,28,0,1,1,3,10,336,181,33,155,27,1,1,5,1
59,2025,2025-10-05,5,WAS,@,LAC,0,Los Angeles Chargers,10,336,181,33,155,27,1,1,5,1,27,389,226,26,163,28,0,1,1,3
59,2025,2025-10-05,5,NE,@,BUF,1,New England Patriots,23,338,267,30,71,22,0,1,4,2,20,363,245,31,118,29,1,2,1,2
59,2025,2025-10-05,5,NE,@,BUF,0,Buffalo Bills,20,363,245,31,118,29,1,2,1,2,23,338,267,30,71,22,0,1,4,3
59,2025,2025-10-06,5,KC,@,JAX,0,Kansas City Chiefs,28,476,318,41,158,22,1,0,0,4,31,319,210,25,109,26,1,1,3,4
59,2025,2025-10-06,5,KC,@,JAX,1,Jacksonville Jaguars,31,319,210,25,109,26,1,1,3,3,28,476,318,41,158,22,1,0,0,4
60,2025,2025-10-09,6,PHI,@,NYG,0,Philadelphia Eagles,17,339,266,33,73,20,1,1,3,2,34,366,194,26,172,39,0,0,2,4
60,2025,2025-10-09,6,PHI,@,NYG,1,New York Giants,34,366,194,26,172,39,0,0,2,5,17,339,266,33,73,20,1,1,3,2
60,2025,2025-10-12,6,DEN,@,NYJ,1,Denver Broncos,13,246,168,30,78,26,0,1,1,1,11,82,-10,17,92,31,0,0,9,1
60,2025,2025-10-12,6,DEN,@,NYJ,0,New York Jets,11,82,-10,17,92,31,0,0,9,0,13,246,168,30,78,26,0,1,1,1
60,2025,2025-10-12,6,DAL,@,CAR,0,Dallas Cowboys,27,292,261,34,31,19,0,0,0,3,30,410,194,25,216,38,1,0,1,4
60,2025,2025-10-12,6,DAL,@,CAR,1,Carolina Panthers,30,410,194,25,216,38,1,0,1,3,27,292,261,34,31,19,0,0,0,3
60,2025,2025-10-12,6,ARI,@,IND,0,Arizona Cardinals,27,400,312,44,88,24,1,0,2,3,31,355,205,30,150,27,1,0,1,4
60,2025,2025-10-12,6,ARI,@,IND,1,Indianapolis Colts,31,355,205,30,150,27,1,0,1,4,27,400,312,44,88,24,1,0,2,3
60,2025,2025-10-12,6,SEA,@,JAX,1,Seattle Seahawks,20,346,286,27,60,26,0,0,1,2,12,273,214,42,59,19,0,0,7,1
60,2025,2025-10-12,6,SEA,@,JAX,0,Jacksonville Jaguars,12,273,214,42,59,19,0,0,7,2,20,346,286,27,60,26,0,0,1,2
60,2025,2025-10-12,6,LAC,@,MIA,1,Los Angeles Chargers,29,403,263,38,140,25,0,1,1,2,27,341,204,33,137,21,3,0,2,3
60,2025,2025-10-12,6,LAC,@,MIA,0,Miami Dolphins,27,341,204,33,137,21,3,0,2,3,29,403,263,38,140,25,0,1,1,4
60,2025,2025-10-12,6,NE,@,NO,1,New England Patriots,25,333,260,26,73,31,0,0,1,3,19,296,223,26,73,23,0,1,2,2
60,2025,2025-10-12,6,NE,@,NO,0,New Orleans Saints,19,296,223,26,73,23,0,1,2,1,25,333,260,26,73,31,0,0,1,3
60,2025,2025-10-12,6,CLE,@,PIT,0,Cleveland Browns,9,248,183,52,65,17,0,0,6,0,23,335,235,30,100,28,0,0,0,3
60,2025,2025-10-12,6,CLE,@,PIT,1,Pittsburgh Steelers,23,335,235,30,100,28,0,0,0,2,9,248,183,52,65,17,0,0,6,1
60,2025,2025-10-12,6,LAR,@,BAL,1,Los Angeles Rams,17,241,167,26,74,23,0,1,2,2,3,296,117,34,179,37,1,2,4,0
60,2025,2025-10-12,6,LAR,@,BAL,0,Baltimore Ravens,3,296,117,34,179,37,1,2,4,0,17,241,167,26,74,23,0,1,2,2
60,2025,2025-10-12,6,TEN,@,LV,0,Tennessee Titans,10,225,160,38,65,15,1,2,6,1,20,226,158,23,68,32,1,0,2,2
60,2025,2025-10-12,6,TEN,@,LV,1,Las Vegas Raiders,20,226,158,23,68,32,1,0,2,2,10,225,160,38,65,15,1,2,6,1
60,2025,2025-10-12,6,CIN,@,GB,0,Cincinnati Bengals,18,268,213,45,55,16,0,0,1,2,27,409,256,26,153,33,1,0,1,3
60,2025,2025-10-12,6,CIN,@,GB,1,Green Bay Packers,27,409,256,26,153,33,1,0,1,3,18,268,213,45,55,16,0,0,1,2
60,2025,2025-10-12,6,SF,@,TB,0,San Francisco 49ers,19,363,296,39,67,22,2,0,6,1,30,352,248,23,104,26,0,0,1,4
60,2025,2025-10-12,6,SF,@,TB,1,Tampa Bay Buccaneers,30,352,248,23,104,26,0,0,1,4,19,363,296,39,67,22,2,0,6,2
60,2025,2025-10-12,6,DET,@,KC,0,Detroit Lions,17,297,199,29,98,23,0,0,1,2,30,355,243,30,112,29,0,0,3,4
60,2025,2025-10-12,6,DET,@,KC,1,Kansas City Chiefs,30,355,243,30,112,29,0,0,3,4,17,297,199,29,98,23,0,0,1,2
60,2025,2025-10-13,6,BUF,@,ATL,0,Buffalo Bills,14,291,157,26,134,24,2,0,4,2,24,443,233,32,210,32,0,0,2,3
60,2025,2025-10-13,6,BUF,@,ATL,1,Atlanta Falcons,24,443,233,32,210,32,0,0,2,3,14,291,157,26,134,24,2,0,4,2
60,2025,2025-10-13,6,CHI,@,WAS,1,Chicago Bears,25,381,236,29,145,27,0,0,3,2,24,329,205,26,124,31,1,2,3,3
60,2025,2025-10-13,6,CHI,@,WAS,0,Washington Commanders,24,329,205,26,124,31,1,2,3,3,25,381,236,29,145,27,0,0,3,3
61,2025,2025-10-16,7,PIT,@,CIN,0,Pittsburgh Steelers,31,396,249,34,147,20,2,0,0,4,33,470,328,47,142,23,0,0,2,4
61,2025,2025-10-16,7,PIT,@,CIN,1,Cincinnati Bengals,33,470,328,47,142,23,0,0,2,3,31,396,249,34,147,20,2,0,0,4
61,2025,2025-10-19,7,LAR,@,JAX,1,Los Angeles Rams,35,271,182,33,89,29,0,0,0,5,7,358,264,48,94,19,0,0,7,1
61,2025,2025-10-19,7,LAR,@,JAX,0,Jacksonville Jaguars,7,358,264,48,94,19,0,0,7,1,35,271,182,33,89,29,0,0,0,5
61,2025,2025-10-19,7,NO,@,CHI,0,New Orleans Saints,14,253,209,32,44,17,3,1,4,2,26,386,164,26,222,40,1,0,1,3
61,2025,2025-10-19,7,NO,@,CHI,1,Chicago Bears,26,386,164,26,222,40,1,0,1,2,14,253,209,32,44,17,3,1,4,2
61,2025,2025-10-19,7,MIA,@,CLE,0,Miami Dolphins,6,219,120,31,99,22,3,1,4,0,31,206,102,18,104,33,0,0,2,4
61,2025,2025-10-19,7,MIA,@,CLE,1,Cleveland Browns,31,206,102,18,104,33,0,0,2,3,6,219,120,31,99,22,3,1,4,0
61,2025,2025-10-19,7,LV,@,KC,0,Las Vegas Raiders,0,95,70,18,25,11,0,1,1,0,31,434,282,35,152,41,0,0,1,4
61,2025,2025-10-19,7,LV,@,KC,1,Kansas City Chiefs,31,434,282,35,152,41,0,0,1,4,0,95,70,18,25,11,0,1,1,0
61,2025,2025-10-19,7,PHI,@,MIN,1,Philadelphia Eagles,28,361,316,23,45,23,0,0,3,3,22,387,298,42,89,23,2,0,2,3
61,2025,2025-10-19,7,PHI,@,MIN,0,Minnesota Vikings,22,387,298,42,89,23,2,0,2,1,28,361,316,23,45,23,0,0,3,4
61,2025,2025-10-19,7,CAR,@,NYJ,1,Carolina Panthers,13,302,177,32,125,36,0,0,2,1,6,220,139,34,81,20,2,0,6,0
61,2025,2025-10-19,7,CAR,@,NYJ,0,New York Jets,6,220,139,34,81,20,2,0,6,0,13,302,177,32,125,36,0,0,2,1
61,2025,2025-10-19,7,NE,@,TEN,1,New England Patriots,31,387,212,24,175,36,0,0,4,3,13,255,216,34,39,12,1,1,5,1
61,2025,2025-10-19,7,NE,@,TEN,0,Tennessee Titans,13,255,216,34,39,12,1,1,5,1,31,387,212,24,175,36,0,0,4,4
61,2025,2025-10-19,7,NYG,@,DEN,0,New York Giants,32,387,268,33,119,32,1,0,4,5,33,407,265,50,142,24,0,0,2,4
61,2025,2025-10-19,7,NYG,@,DEN,1,Denver Broncos,33,407,265,50,142,24,0,0,2,4,32,387,268,33,119,32,1,0,4,4
61,2025,2025-10-19,7,IND,@,LAC,1,Indianapolis Colts,38,401,281,34,120,23,0,0,1,5,24,445,391,55,54,16,2,0,3,3
61,2025,2025-10-19,7,IND,@,LAC,0,Los Angeles Chargers,24,445,391,55,54,16,2,0,3,3,38,401,281,34,120,23,0,0,1,5
61,2025,2025-10-19,7,GB,@,ARI,1,Green Bay Packers,27,262,168,29,94,23,0,0,1,3,23,330,236,36,94,28,0,1,6,3
61,2025,2025-10-19,7,GB,@,ARI,0,Arizona Cardinals,23,330,236,36,94,28,0,1,6,2,27,262,168,29,94,23,0,0,1,3
61,2025,2025-10-19,7,WAS,@,DAL,0,Washington Commanders,22,341,205,32,136,28,1,1,4,3,44,409,257,30,152,31,0,0,1,6
61,2025,2025-10-19,7,WAS,@,DAL,1,Dallas Cowboys,44,409,257,30,152,31,0,0,1,4,22,341,205,32,136,28,1,1,4,3
61,2025,2025-10-19,7,ATL,@,SF,0,Atlanta Falcons,10,292,230,38,62,20,0,1,2,1,20,324,150,26,174,39,1,0,1,2
61,2025,2025-10-19,7,ATL,@,SF,1,San Francisco 49ers,20,324,150,26,174,39,1,0,1,2,10,292,230,38,62,20,0,1,2,1
61,2025,2025-10-20,7,TB,@,DET,0,Tampa Bay Buccaneers,9,251,210,50,41,12,1,1,4,1,24,379,215,29,164,32,1,1,4,3
61,2025,2025-10-20,7,TB,@,DET,1,Detroit Lions,24,379,215,29,164,32,1,1,4,3,9,251,210,50,41,12,1,1,4,1
61,2025,2025-10-20,7,HOU,@,SEA,0,Houston Texans,19,254,198,49,56,17,1,0,3,1,27,316,198,32,118,33,2,2,2,3
61,2025,2025-10-20,7,HOU,@,SEA,1,Seattle Seahawks,27,316,198,32,118,33,2,2,2,3,19,254,198,49,56,17,1,0,3,2
62,2025,2025-10-23,8,MIN,@,LAC,0,Minnesota Vikings,10,164,130,31,34,11,1,0,5,1,37,419,212,25,207,43,1,0,2,5
62,2025,2025-10-23,8,MIN,@,LAC,1,Los Angeles Chargers,37,419,212,25,207,43,1,0,2,4,10,164,130,31,34,11,1,0,5,1
62,2025,2025-10-26,8,MIA,@,ATL,1,Miami Dolphins,34,338,197,27,141,37,0,0,1,4,10,213,168,31,45,17,0,1,1,1
62,2025,2025-10-26,8,MIA,@,ATL,0,Atlanta Falcons,10,213,168,31,45,17,0,1,1,1,34,338,197,27,141,37,0,0,1,4
62,2025,2025-10-26,8,BUF,@,CAR,1,Buffalo Bills,40,410,165,23,245,35,0,0,2,5,9,244,130,24,114,28,1,2,7,1
62,2025,2025-10-26,8,BUF,@,CAR,0,Carolina Panthers,9,244,130,24,114,28,1,2,7,1,40,410,165,23,245,35,0,0,2,5
62,2025,2025-10-26,8,NYJ,@,CIN,1,New York Jets,39,502,248,33,254,37,0,0,0,4,38,398,217,34,181,23,0,0,1,5
62,2025,2025-10-26,8,NYJ,@,CIN,0,Cincinnati Bengals,38,398,217,34,181,23,0,0,1,5,39,502,248,33,254,37,0,0,0,5
62,2025,2025-10-26,8,SF,@,HOU,0,San Francisco 49ers,15,223,175,32,48,10,1,0,2,2,26,475,318,39,157,36,1,0,0,3
62,2025,2025-10-26,8,SF,@,HOU,1,Houston Texans,26,475,318,39,157,36,1,0,0,2,15,223,175,32,48,10,1,0,2,2
62,2025,2025-10-26,8,CLE,@,NE,0,Cleveland Browns,13,213,145,35,68,16,2,0,1,2,32,422,245,24,177,35,1,1,6,4
62,2025,2025-10-26,8,CLE,@,NE,1,New England Patriots,32,422,245,24,177,35,1,1,6,3,13,213,145,35,68,16,2,0,1,1
62,2025,2025-10-26,8,NYG,@,PHI,0,New York Giants,20,246,178,24,68,21,0,0,5,2,38,427,151,20,276,33,0,0,4,5
62,2025,2025-10-26,8,NYG,@,PHI,1,Philadelphia Eagles,38,427,151,20,276,33,0,0,4,5,20,246,178,24,68,21,0,0,5,2
62,2025,2025-10-26,8,CHI,@,BAL,0,Chicago Bears,16,372,276,38,96,23,1,0,1,1,30,355,178,22,177,35,0,0,2,4
62,2025,2025-10-26,8,CHI,@,BAL,1,Baltimore Ravens,30,355,178,22,177,35,0,0,2,3,16,372,276,38,96,23,1,0,1,2
62,2025,2025-10-26,8,TB,@,NO,1,Tampa Bay Buccaneers,23,212,124,24,88,29,0,1,3,1,3,275,227,51,48,15,2,2,5,0
62,2025,2025-10-26,8,TB,@,NO,0,New Orleans Saints,3,275,227,51,48,15,2,2,5,0,23,212,124,24,88,29,0,1,3,3
62,2025,2025-10-26,8,TEN,@,IND,0,Tennessee Titans,14,341,228,38,113,25,1,0,4,2,38,420,256,31,164,18,0,0,3,5
62,2025,2025-10-26,8,TEN,@,IND,1,Indianapolis Colts,38,420,256,31,164,18,0,0,3,5,14,341,228,38,113,25,1,0,4,2
62,2025,2025-10-26,8,DAL,@,DEN,0,Dallas Cowboys,24,339,231,35,108,31,2,0,2,3,44,426,247,29,179,28,1,0,0,6
62,2025,2025-10-26,8,DAL,@,DEN,1,Denver Broncos,44,426,247,29,179,28,1,0,0,6,24,339,231,35,108,31,2,0,2,3
62,2025,2025-10-26,8,GB,@,PIT,1,Green Bay Packers,35,454,360,37,94,26,0,0,0,4,25,295,202,36,93,18,0,1,3,3
62,2025,2025-10-26,8,GB,@,PIT,0,Pittsburgh Steelers,25,295,202,36,93,18,0,1,3,2,35,454,360,37,94,26,0,0,0,5
62,2025,2025-10-27,8,WAS,@,KC,0,Washington Commanders,7,260,200,30,60,20,2,0,2,1,28,432,284,34,148,30,2,0,3,4
62,2025,2025-10-27,8,WAS,@,KC,1,Kansas City Chiefs,28,432,284,34,148,30,2,0,3,4,7,260,200,30,60,20,2,0,2,1
63,2025,2025-10-30,9,BAL,@,MIA,1,Baltimore Ravens,28,338,188,23,150,31,0,0,2,4,6,332,245,40,87,20,1,2,2,0
63,2025,2025-10-30,9,BAL,@,MIA,0,Miami Dolphins,6,332,245,40,87,20,1,2,2,0,28,338,188,23,150,31,0,0,2,4
63,2025,2025-11-02,9,CHI,@,CIN,1,Chicago Bears,47,576,293,37,283,37,0,0,2,6,42,495,449,47,46,15,2,1,3,6
63,2025,2025-11-02,9,CHI,@,CIN,0,Cincinnati Bengals,42,495,449,47,46,15,2,1,3,4,47,576,293,37,283,37,0,0,2,6
63,2025,2025-11-02,9,MIN,@,DET,1,Minnesota Vikings,27,258,116,25,142,29,1,0,5,3,24,305,240,37,65,20,0,1,5,3
63,2025,2025-11-02,9,MIN,@,DET,0,Detroit Lions,24,305,240,37,65,20,0,1,5,3,27,258,116,25,142,29,1,0,5,3
63,2025,2025-11-02,9,CAR,@,GB,1,Carolina Panthers,16,265,102,20,163,33,1,0,1,2,13,369,265,37,104,25,1,1,1,1
63,2025,2025-11-02,9,CAR,@,GB,0,Green Bay Packers,13,369,265,37,104,25,1,1,1,1,16,265,102,20,163,33,1,0,1,2
63,2025,2025-11-02,9,DEN,@,HOU,1,Denver Broncos,18,271,171,37,100,23,1,1,1,2,15,268,191,40,77,28,0,0,4,2
63,2025,2025-11-02,9,DEN,@,HOU,0,Houston Texans,15,268,191,40,77,28,0,0,4,0,18,271,171,37,100,23,1,1,1,2
63,2025,2025-11-02,9,ATL,@,NE,0,Atlanta Falcons,23,288,217,37,71,16,0,0,1,3,24,331,221,29,110,33,1,1,6,3
63,2025,2025-11-02,9,ATL,@,NE,1,New England Patriots,24,331,221,29,110,33,1,1,6,3,23,288,217,37,71,16,0,0,1,3
63,2025,2025-11-02,9,SF,@,NYG,1,San Francisco 49ers,34,380,221,24,159,39,0,1,2,4,24,296,179,33,117,21,0,0,2,3
63,2025,2025-11-02,9,SF,@,NYG,0,New York Giants,24,296,179,33,117,21,0,0,2,3,34,380,221,24,159,39,0,1,2,4
63,2025,2025-11-02,9,LAC,@,TEN,1,Los Angeles Chargers,27,343,212,29,131,30,1,0,6,3,20,206,118,21,88,19,0,0,4,2
63,2025,2025-11-02,9,LAC,@,TEN,0,Tennessee Titans,20,206,118,21,88,19,0,0,4,0,27,343,212,29,131,30,1,0,6,3
63,2025,2025-11-02,9,IND,@,PIT,0,Indianapolis Colts,20,368,313,50,55,19,3,3,5,2,27,225,187,35,38,23,0,1,3,3
63,2025,2025-11-02,9,IND,@,PIT,1,Pittsburgh Steelers,27,225,187,35,38,23,0,1,3,3,20,368,313,50,55,19,3,3,5,2
63,2025,2025-11-02,9,JAX,@,LV,1,Jacksonville Jaguars,30,367,216,34,151,42,1,0,1,3,29,331,274,39,57,19,1,0,2,4
63,2025,2025-11-02,9,JAX,@,LV,0,Las Vegas Raiders,29,331,274,39,57,19,1,0,2,4,30,367,216,34,151,42,1,0,1,4
63,2025,2025-11-02,9,NO,@,LAR,0,New Orleans Saints,10,224,167,25,57,14,1,1,1,1,34,438,267,32,171,43,0,0,2,4
63,2025,2025-11-02,9,NO,@,LAR,1,Los Angeles Rams,34,438,267,32,171,43,0,0,2,5,10,224,167,25,57,14,1,1,1,1
63,2025,2025-11-02,9,KC,@,BUF,0,Kansas City Chiefs,21,305,226,34,79,20,1,0,3,2,28,404,263,26,141,35,0,0,3,4
63,2025,2025-11-02,9,KC,@,BUF,1,Buffalo Bills,28,404,263,26,141,35,0,0,3,4,21,305,226,34,79,20,1,0,3,3
63,2025,2025-11-02,9,SEA,@,WAS,1,Seattle Seahawks,38,418,330,24,88,24,1,0,0,5,14,290,133,22,157,36,1,1,4,2
63,2025,2025-11-02,9,SEA,@,WAS,0,Washington Commanders,14,290,133,22,157,36,1,1,4,2,38,418,330,24,88,24,1,0,0,5
63,2025,2025-11-03,9,ARI,@,DAL,1,Arizona Cardinals,27,340,221,31,119,29,0,0,5,3,17,333,210,39,123,21,1,2,5,2
63,2025,2025-11-03,9,ARI,@,DAL,0,Dallas Cowboys,17,333,210,39,123,21,1,2,5,1,27,340,221,31,119,29,0,0,5,3
64,2025,2025-11-06,10,LV,@,DEN,0,Las Vegas Raiders,7,188,114,27,74,25,1,0,6,1,10,220,136,28,84,27,2,0,2,1
64,2025,2025-11-06,10,LV,@,DEN,1,Denver Broncos,10,220,136,28,84,27,2,0,2,1,7,188,114,27,74,25,1,0,6,1
64,2025,2025-11-09,10,ATL,@,IND,0,Atlanta Falcons,25,290,150,28,140,29,0,1,3,3,31,519,196,26,323,41,1,1,7,4
64,2025,2025-11-09,10,ATL,@,IND,1,Indianapolis Colts,31,519,196,26,323,41,1,1,7,4,25,290,150,28,140,29,0,1,3,3
64,2025,2025-11-09,10,NO,@,CAR,1,New Orleans Saints,17,388,266,28,122,37,0,1,2,2,7,175,102,25,73,23,1,1,2,1
64,2025,2025-11-09,10,NO,@,CAR,0,Carolina Panthers,7,175,102,25,73,23,1,1,2,1,17,388,266,28,122,37,0,1,2,2
64,2025,2025-11-09,10,NYG,@,CHI,0,New York Giants,20,431,262,36,169,30,0,1,4,2,24,391,220,36,171,28,0,0,0,3
64,2025,2025-11-09,10,NYG,@,CHI,1,Chicago Bears,24,391,220,36,171,28,0,0,0,3,20,431,262,36,169,30,0,1,4,2
64,2025,2025-11-09,10,JAX,@,HOU,0,Jacksonville Jaguars,29,213,119,23,94,27,1,1,5,2,36,412,282,45,130,22,1,1,2,5
64,2025,2025-11-09,10,JAX,@,HOU,1,Houston Texans,36,412,282,45,130,22,1,1,2,4,29,213,119,23,94,27,1,1,5,4
64,2025,2025-11-09,10,BUF,@,MIA,0,Buffalo Bills,13,376,289,40,87,22,1,2,3,2,30,370,173,21,197,32,2,0,0,4
64,2025,2025-11-09,10,BUF,@,MIA,1,Miami Dolphins,30,370,173,21,197,32,2,0,0,4,13,376,289,40,87,22,1,2,3,1
64,2025,2025-11-09,10,BAL,@,MIN,1,Baltimore Ravens,27,321,169,29,152,36,0,0,1,2,19,365,245,42,120,18,2,1,1,2
64,2025,2025-11-09,10,BAL,@,MIN,0,Minnesota Vikings,19,365,245,42,120,18,2,1,1,2,27,321,169,29,152,36,0,0,1,3
64,2025,2025-11-09,10,CLE,@,NYJ,0,Cleveland Browns,20,278,120,32,158,32,0,0,6,2,27,169,42,11,127,33,1,0,3,3
64,2025,2025-11-09,10,CLE,@,NYJ,1,New York Jets,27,169,42,11,127,33,1,0,3,1,20,278,120,32,158,32,0,0,6,2
64,2025,2025-11-09,10,NE,@,TB,1,New England Patriots,28,435,269,31,166,27,1,0,1,4,23,371,258,43,113,21,0,0,2,3
64,2025,2025-11-09,10,NE,@,TB,0,Tampa Bay Buccaneers,23,371,258,43,113,21,0,0,2,3,28,435,269,31,166,27,1,0,1,4
64,2025,2025-11-09,10,ARI,@,SEA,0,Arizona Cardinals,22,335,206,45,129,23,0,2,5,3,44,372,174,12,198,46,1,2,1,6
64,2025,2025-11-09,10,ARI,@,SEA,1,Seattle Seahawks,44,372,174,12,198,46,1,2,1,3,22,335,206,45,129,23,0,2,5,3
64,2025,2025-11-09,10,LAR,@,SF,1,Los Angeles Rams,42,401,275,36,126,30,0,0,1,6,26,393,319,39,74,21,1,1,0,3
64,2025,2025-11-09,10,LAR,@,SF,0,San Francisco 49ers,26,393,319,39,74,21,1,1,0,4,42,401,275,36,126,30,0,0,1,6
64,2025,2025-11-09,10,DET,@,WAS,1,Detroit Lions,44,546,320,35,226,33,0,0,0,5,22,288,195,22,93,27,0,0,2,3
64,2025,2025-11-09,10,DET,@,WAS,0,Washington Commanders,22,288,195,22,93,27,0,0,2,3,44,546,320,35,226,33,0,0,0,6
64,2025,2025-11-09,10,PIT,@,LAC,0,Pittsburgh Steelers,10,221,148,31,73,16,2,1,3,1,25,314,199,33,115,31,0,0,5,3
64,2025,2025-11-09,10,PIT,@,LAC,1,Los Angeles Chargers,25,314,199,33,115,31,0,0,5,2,10,221,148,31,73,16,2,1,3,1
64,2025,2025-11-10,10,PHI,@,GB,1,Philadelphia Eagles,10,294,183,26,111,34,0,1,0,1,7,261,157,36,104,27,0,2,3,1
64,2025,2025-11-10,10,PHI,@,GB,0,Green Bay Packers,7,261,157,36,104,27,0,2,3,1,10,294,183,26,111,34,0,1,0,1
65,2025,2025-11-13,11,NYJ,@,NE,0,New York Jets,14,245,105,27,140,28,0,1,2,2,27,336,271,34,65,27,0,0,1,3
65,2025,2025-11-13,11,NYJ,@,NE,1,New England Patriots,27,336,271,34,65,27,0,0,1,3,14,245,105,27,140,28,0,1,2,2
65,2025,2025-11-16,11,WAS,@,MIA,0,Washington Commanders,13,379,207,30,172,33,1,1,1,1,16,311,142,20,169,31,0,0,3,2
65,2025,2025-11-16,11,WAS,@,MIA,1,Miami Dolphins,16,311,142,20,169,31,0,0,3,1,13,379,207,30,172,33,1,1,1,1
65,2025,2025-11-16,11,CAR,@,ATL,1,Carolina Panthers,30,486,419,45,67,25,0,0,5,3,27,348,223,30,125,28,0,1,0,3
65,2025,2025-11-16,11,CAR,@,ATL,0,Atlanta Falcons,27,348,223,30,125,28,0,1,0,3,30,486,419,45,67,25,0,0,5,4
65,2025,2025-11-16,11,TB,@,BUF,0,Tampa Bay Buccaneers,32,367,165,28,202,39,1,1,1,4,44,414,317,30,97,23,2,1,0,6
65,2025,2025-11-16,11,TB,@,BUF,1,Buffalo Bills,44,414,317,30,97,23,2,1,0,6,32,367,165,28,202,39,1,1,1,4
65,2025,2025-11-16,11,LAC,@,JAX,0,Los Angeles Chargers,6,135,93,26,42,16,1,0,3,0,35,345,153,22,192,47,1,0,0,5
65,2025,2025-11-16,11,LAC,@,JAX,1,Jacksonville Jaguars,35,345,153,22,192,47,1,0,0,5,6,135,93,26,42,16,1,0,3,0
65,2025,2025-11-16,11,CHI,@,MIN,1,Chicago Bears,19,320,180,32,140,39,0,0,2,1,17,265,150,32,115,22,2,0,0,2
65,2025,2025-11-16,11,CHI,@,MIN,0,Minnesota Vikings,17,265,150,32,115,22,2,0,0,2,19,320,180,32,140,39,0,0,2,2
65,2025,2025-11-16,11,GB,@,NYG,1,Green Bay Packers,27,296,168,26,128,23,0,0,2,4,20,336,194,29,142,38,1,1,2,2
65,2025,2025-11-16,11,GB,@,NYG,0,New York Giants,20,336,194,29,142,38,1,1,2,3,27,296,168,26,128,23,0,0,2,3
65,2025,2025-11-16,11,HOU,@,TEN,1,Houston Texans,16,315,240,41,75,23,0,0,4,1,13,229,171,37,58,17,0,1,3,1
65,2025,2025-11-16,11,HOU,@,TEN,0,Tennessee Titans,13,229,171,37,58,17,0,1,3,1,16,315,240,41,75,23,0,0,4,2
65,2025,2025-11-16,11,CIN,@,PIT,0,Cincinnati Bengals,12,297,192,40,105,22,1,1,1,1,34,343,232,31,111,28,0,0,1,4
65,2025,2025-11-16,11,CIN,@,PIT,1,Pittsburgh Steelers,34,343,232,31,111,28,0,0,1,2,12,297,192,40,105,22,1,1,1,1
65,2025,2025-11-16,11,SF,@,ARI,1,San Francisco 49ers,41,281,186,26,95,25,0,0,1,5,22,488,452,57,36,14,2,1,0,3
65,2025,2025-11-16,11,SF,@,ARI,0,Arizona Cardinals,22,488,452,57,36,14,2,1,0,3,41,281,186,26,95,25,0,0,1,5
65,2025,2025-11-16,11,SEA,@,LAR,0,Seattle Seahawks,19,414,279,44,135,35,4,0,0,1,21,249,130,28,119,22,0,1,0,3
65,2025,2025-11-16,11,SEA,@,LAR,1,Los Angeles Rams,21,249,130,28,119,22,0,1,0,3,19,414,279,44,135,35,4,0,0,2
65,2025,2025-11-16,11,BAL,@,CLE,1,Baltimore Ravens,23,351,167,25,184,30,2,1,5,2,16,187,81,26,106,25,1,0,3,2
65,2025,2025-11-16,11,BAL,@,CLE,0,Cleveland Browns,16,187,81,26,106,25,1,0,3,0,23,351,167,25,184,30,2,1,5,3
65,2025,2025-11-16,11,KC,@,DEN,0,Kansas City Chiefs,19,311,249,45,62,14,1,0,3,2,22,342,283,38,59,21,0,0,2,3
65,2025,2025-11-16,11,KC,@,DEN,1,Denver Broncos,22,342,283,38,59,21,0,0,2,1,19,311,249,45,62,14,1,0,3,2
65,2025,2025-11-16,11,DET,@,PHI,0,Detroit Lions,9,317,243,37,74,21,1,0,2,1,16,272,124,28,148,40,0,0,1,2
65,2025,2025-11-16,11,DET,@,PHI,1,Philadelphia Eagles,16,272,124,28,148,40,0,0,1,1,9,317,243,37,74,21,1,0,2,1
65,2025,2025-11-17,11,DAL,@,LV,1,Dallas Cowboys,33,381,267,33,114,31,0,1,1,4,16,236,209,42,27,12,1,0,4,2
65,2025,2025-11-17,11,DAL,@,LV,0,Las Vegas Raiders,16,236,209,42,27,12,1,0,4,1,33,381,267,33,114,31,0,1,1,4
66,2025,2025-11-20,12,BUF,@,HOU,0,Buffalo Bills,19,326,183,34,143,24,2,1,8,1,23,261,153,30,108,26,0,0,0,3
66,2025,2025-11-20,12,BUF,@,HOU,1,Houston Texans,23,261,153,30,108,26,0,0,0,2,19,326,183,34,143,24,2,1,8,2
66,2025,2025-11-23,12,PIT,@,CHI,0,Pittsburgh Steelers,28,345,159,31,186,36,1,1,2,3,31,328,229,35,99,25,0,2,1,4
66,2025,2025-11-23,12,PIT,@,CHI,1,Chicago Bears,31,328,229,35,99,25,0,2,1,4,28,345,159,31,186,36,1,1,2,4
66,2025,2025-11-23,12,NE,@,CIN,1,New England Patriots,26,392,285,35,107,31,1,0,1,1,20,307,187,38,120,23,1,0,1,2
66,2025,2025-11-23,12,NE,@,CIN,0,Cincinnati Bengals,20,307,187,38,120,23,1,0,1,1,26,392,285,35,107,31,1,0,1,3
66,2025,2025-11-23,12,NYG,@,DET,0,New York Giants,27,517,395,37,122,39,1,0,1,3,34,494,257,42,237,20,1,0,3,4
66,2025,2025-11-23,12,NYG,@,DET,1,Detroit Lions,34,494,257,42,237,20,1,0,3,4,27,517,395,37,122,39,1,0,1,3
66,2025,2025-11-23,12,MIN,@,GB,0,Minnesota Vikings,6,145,52,19,93,20,2,1,5,0,23,288,142,22,146,42,0,0,1,3
66,2025,2025-11-23,12,MIN,@,GB,1,Green Bay Packers,23,288,142,22,146,42,0,0,1,2,6,145,52,19,93,20,2,1,5,0
66,2025,2025-11-23,12,IND,@,KC,0,Indianapolis Colts,20,255,181,31,74,19,0,0,0,2,23,494,346,46,148,41,1,1,4,3
66,2025,2025-11-23,12,IND,@,KC,1,Kansas City Chiefs,23,494,346,46,148,41,1,1,4,1,20,255,181,31,74,19,0,0,0,2
66,2025,2025-11-23,12,SEA,@,TEN,1,Seattle Seahawks,30,353,239,26,114,20,0,0,1,3,24,296,232,42,64,22,0,0,4,3
66,2025,2025-11-23,12,SEA,@,TEN,0,Tennessee Titans,24,296,232,42,64,22,0,0,4,2,30,353,239,26,114,20,0,0,1,4
66,2025,2025-11-23,12,NYJ,@,BAL,0,New York Jets,10,282,204,28,78,26,1,1,3,1,23,241,143,23,98,34,0,0,1,3
66,2025,2025-11-23,12,NYJ,@,BAL,1,Baltimore Ravens,23,241,143,23,98,34,0,0,1,2,10,282,204,28,78,26,1,1,3,1
66,2025,2025-11-23,12,JAX,@,ARI,1,Jacksonville Jaguars,27,371,237,30,134,28,3,1,3,3,24,326,271,50,55,20,0,0,6,3
66,2025,2025-11-23,12,JAX,@,ARI,0,Arizona Cardinals,24,326,271,50,55,20,0,0,6,2,27,371,237,30,134,28,3,1,3,3
66,2025,2025-11-23,12,CLE,@,LV,1,Cleveland Browns,24,270,206,20,64,27,1,1,1,3,10,268,208,44,60,21,0,1,10,1
66,2025,2025-11-23,12,CLE,@,LV,0,Las Vegas Raiders,10,268,208,44,60,21,0,1,10,1,24,270,206,20,64,27,1,1,1,3
66,2025,2025-11-23,12,PHI,@,DAL,0,Philadelphia Eagles,21,339,276,39,63,18,0,2,1,3,24,473,348,36,125,31,1,1,1,3
66,2025,2025-11-23,12,PHI,@,DAL,1,Dallas Cowboys,24,473,348,36,125,31,1,1,1,3,21,339,276,39,63,18,0,2,1,3
66,2025,2025-11-23,12,ATL,@,NO,1,Atlanta Falcons,24,302,181,23,121,29,1,0,3,2,10,293,214,45,79,28,1,1,5,1
66,2025,2025-11-23,12,ATL,@,NO,0,New Orleans Saints,10,293,214,45,79,28,1,1,5,0,24,302,181,23,121,29,1,0,3,3
66,2025,2025-11-23,12,TB,@,LAR,0,Tampa Bay Buccaneers,7,193,70,34,123,29,2,0,4,1,34,333,263,35,70,19,0,0,1,4
66,2025,2025-11-23,12,TB,@,LAR,1,Los Angeles Rams,34,333,263,35,70,19,0,0,1,3,7,193,70,34,123,29,2,0,4,1
66,2025,2025-11-24,12,CAR,@,SF,0,Carolina Panthers,9,230,161,29,69,13,2,0,1,1,20,340,193,32,147,38,3,0,0,2
66,2025,2025-11-24,12,CAR,@,SF,1,San Francisco 49ers,20,340,193,32,147,38,3,0,0,2,9,230,161,29,69,13,2,0,1,1
67,2025,2025-11-27,13,GB,@,DET,1,Green Bay Packers,31,359,234,30,125,30,0,0,0,4,24,352,233,27,119,30,0,0,3,3
67,2025,2025-11-27,13,GB,@,DET,0,Detroit Lions,24,352,233,27,119,30,0,0,3,3,31,359,234,30,125,30,0,0,0,4
67,2025,2025-11-27,13,KC,@,DAL,0,Kansas City Chiefs,28,362,243,34,119,23,0,0,3,4,31,457,320,39,137,26,1,0,0,4
67,2025,2025-11-27,13,KC,@,DAL,1,Dallas Cowboys,31,457,320,39,137,26,1,0,0,3,28,362,243,34,119,23,0,0,3,4
67,2025,2025-11-27,13,CIN,@,BAL,1,Cincinnati Bengals,32,382,254,46,128,33,0,1,1,2,14,346,223,32,123,22,1,4,3,2
67,2025,2025-11-27,13,CIN,@,BAL,0,Baltimore Ravens,14,346,223,32,123,22,1,4,3,2,32,382,254,46,128,33,0,1,1,4
67,2025,2025-11-28,13,CHI,@,PHI,1,Chicago Bears,24,425,144,36,281,47,1,0,2,3,15,317,230,34,87,17,1,1,0,2
67,2025,2025-11-28,13,CHI,@,PHI,0,Philadelphia Eagles,15,317,230,34,87,17,1,1,0,2,24,425,144,36,281,47,1,0,2,3
67,2025,2025-11-30,13,LAR,@,CAR,0,Los Angeles Rams,28,379,227,28,152,21,2,1,2,4,31,358,194,20,164,40,0,0,2,4
67,2025,2025-11-30,13,LAR,@,CAR,1,Carolina Panthers,31,358,194,20,164,40,0,0,2,3,28,379,227,28,152,21,2,1,2,4
67,2025,2025-11-30,13,SF,@,CLE,1,San Francisco 49ers,26,252,161,30,91,33,0,0,1,3,8,253,115,26,138,31,0,2,3,1
67,2025,2025-11-30,13,SF,@,CLE,0,Cleveland Browns,8,253,115,26,138,31,0,2,3,1,26,252,161,30,91,33,0,0,1,3
67,2025,2025-11-30,13,HOU,@,IND,1,Houston Texans,20,364,256,35,108,34,1,0,2,2,16,281,195,27,86,23,0,0,1,2
67,2025,2025-11-30,13,HOU,@,IND,0,Indianapolis Colts,16,281,195,27,86,23,0,0,1,2,20,364,256,35,108,34,1,0,2,2
67,2025,2025-11-30,13,NO,@,MIA,0,New Orleans Saints,17,294,213,38,81,27,1,1,4,2,21,298,134,23,164,32,1,0,4,3
67,2025,2025-11-30,13,NO,@,MIA,1,Miami Dolphins,21,298,134,23,164,32,1,0,4,1,17,294,213,38,81,27,1,1,4,2
67,2025,2025-11-30,13,ATL,@,NYJ,0,Atlanta Falcons,24,389,222,33,167,32,0,1,2,3,27,269,159,33,110,28,0,0,2,3
67,2025,2025-11-30,13,ATL,@,NYJ,1,New York Jets,27,269,159,33,110,28,0,0,2,3,24,389,222,33,167,32,0,1,2,3
67,2025,2025-11-30,13,JAX,@,TEN,1,Jacksonville Jaguars,25,272,202,27,70,27,0,0,3,3,3,188,121,38,67,14,0,2,3,0
67,2025,2025-11-30,13,JAX,@,TEN,0,Tennessee Titans,3,188,121,38,67,14,0,2,3,0,25,272,202,27,70,27,0,0,3,3
67,2025,2025-11-30,13,ARI,@,TB,0,Arizona Cardinals,17,386,291,40,95,19,1,1,2,2,20,279,184,28,95,27,0,0,2,2
67,2025,2025-11-30,13,ARI,@,TB,1,Tampa Bay Buccaneers,20,279,184,28,95,27,0,0,2,2,17,386,291,40,95,19,1,1,2,2
67,2025,2025-11-30,13,MIN,@,SEA,0,Minnesota Vikings,0,162,96,30,66,16,4,1,4,0,26,219,94,26,125,32,0,2,4,3
67,2025,2025-11-30,13,MIN,@,SEA,1,Seattle Seahawks,26,219,94,26,125,32,0,2,4,1,0,162,96,30,66,16,4,1,4,0
67,2025,2025-11-30,13,BUF,@,PIT,1,Buffalo Bills,26,372,123,23,249,51,1,1,0,2,7,166,108,24,58,18,1,1,1,1
67,2025,2025-11-30,13,BUF,@,PIT,0,Pittsburgh Steelers,7,166,108,24,58,18,1,1,1,1,26,372,123,23,249,51,1,1,0,3
67,2025,2025-11-30,13,LV,@,LAC,0,Las Vegas Raiders,14,156,125,23,31,18,1,0,5,2,31,341,149,21,192,43,1,0,3,4
67,2025,2025-11-30,13,LV,@,LAC,1,Los Angeles Chargers,31,341,149,21,192,43,1,0,3,4,14,156,125,23,31,18,1,0,5,2
67,2025,2025-11-30,13,DEN,@,WAS,1,Denver Broncos,27,402,315,45,87,23,1,0,1,3,26,419,276,50,143,33,1,0,2,3
67,2025,2025-11-30,13,DEN,@,WAS,0,Washington Commanders,26,419,276,50,143,33,1,0,2,3,27,402,315,45,87,23,1,0,1,3
67,2025,2025-12-01,13,NYG,@,NE,0,New York Giants,15,239,128,24,111,27,0,1,2,2,33,395,276,31,119,29,0,0,3,4
67,2025,2025-12-01,13,NYG,@,NE,1,New England Patriots,33,395,276,31,119,29,0,0,3,2,15,239,128,24,111,27,0,1,2,2
68,2025,2025-12-04,14,DAL,@,DET,0,Dallas Cowboys,30,417,326,47,91,24,2,1,5,2,44,408,299,34,109,22,0,0,1,6
68,2025,2025-12-04,14,DAL,@,DET,1,Detroit Lions,44,408,299,34,109,22,0,0,1,5,30,417,326,47,91,24,2,1,5,4
68,2025,2025-12-07,14,SEA,@,ATL,1,Seattle Seahawks,37,365,236,30,129,26,1,0,2,3,9,274,154,30,120,31,2,1,1,1
68,2025,2025-12-07,14,SEA,@,ATL,0,Atlanta Falcons,9,274,154,30,120,31,2,1,1,0,37,365,236,30,129,26,1,0,2,5
68,2025,2025-12-07,14,CIN,@,BUF,0,Cincinnati Bengals,34,338,276,36,62,19,2,0,1,5,39,416,233,28,183,29,0,1,3,5
68,2025,2025-12-07,14,CIN,@,BUF,1,Buffalo Bills,39,416,233,28,183,29,0,1,3,4,34,338,276,36,62,19,2,0,1,4
68,2025,2025-12-07,14,TEN,@,CLE,1,Tennessee Titans,31,292,108,28,184,35,1,0,1,4,29,412,351,42,61,20,1,1,2,4
68,2025,2025-12-07,14,TEN,@,CLE,0,Cleveland Browns,29,412,351,42,61,20,1,1,2,4,31,292,108,28,184,35,1,0,1,4
68,2025,2025-12-07,14,IND,@,JAX,0,Indianapolis Colts,19,285,196,36,89,26,2,1,1,2,36,350,247,31,103,32,0,1,0,5
68,2025,2025-12-07,14,IND,@,JAX,1,Jacksonville Jaguars,36,350,247,31,103,32,0,1,0,4,19,285,196,36,89,26,2,1,1,2
68,2025,2025-12-07,14,WAS,@,MIN,0,Washington Commanders,0,206,99,24,107,23,2,1,2,0,31,313,151,23,162,34,0,0,4,4
68,2025,2025-12-07,14,WAS,@,MIN,1,Minnesota Vikings,31,313,151,23,162,34,0,0,4,4,0,206,99,24,107,23,2,1,2,0
68,2025,2025-12-07,14,MIA,@,NYJ,1,Miami Dolphins,34,358,119,21,239,41,0,0,1,4,10,207,142,34,65,17,3,0,6,1
68,2025,2025-12-07,14,MIA,@,NYJ,0,New York Jets,10,207,142,34,65,17,3,0,6,0,34,358,119,21,239,41,0,0,1,4
68,2025,2025-12-07,14,PIT,@,BAL,1,Pittsburgh Steelers,27,318,284,34,34,17,0,0,0,3,22,420,203,35,217,40,1,0,2,3
68,2025,2025-12-07,14,PIT,@,BAL,0,Baltimore Ravens,22,420,203,35,217,40,1,0,2,2,27,318,284,34,34,17,0,0,0,3
68,2025,2025-12-07,14,NO,@,TB,1,New Orleans Saints,24,260,121,20,139,32,1,0,3,3,20,301,122,30,179,39,1,0,0,2
68,2025,2025-12-07,14,NO,@,TB,0,Tampa Bay Buccaneers,20,301,122,30,179,39,1,0,0,2,24,260,121,20,139,32,1,0,3,3
68,2025,2025-12-07,14,DEN,@,LV,1,Denver Broncos,24,356,204,38,152,31,0,0,3,2,17,229,189,32,40,12,0,0,4,2
68,2025,2025-12-07,14,DEN,@,LV,0,Las Vegas Raiders,17,229,189,32,40,12,0,0,4,2,24,356,204,38,152,31,0,0,3,3
68,2025,2025-12-07,14,LAR,@,ARI,1,Los Angeles Rams,45,530,281,31,249,36,0,0,0,6,17,314,263,44,51,14,1,0,3,2
68,2025,2025-12-07,14,LAR,@,ARI,0,Arizona Cardinals,17,314,263,44,51,14,1,0,3,2,45,530,281,31,249,36,0,0,0,6
68,2025,2025-12-07,14,CHI,@,GB,0,Chicago Bears,21,315,177,35,138,32,1,0,1,2,28,337,220,25,117,26,1,0,1,4
68,2025,2025-12-07,14,CHI,@,GB,1,Green Bay Packers,28,337,220,25,117,26,1,0,1,4,21,315,177,35,138,32,1,0,1,3
68,2025,2025-12-07,14,HOU,@,KC,1,Houston Texans,20,268,186,31,82,31,0,0,3,2,10,274,148,33,126,29,3,0,2,1
68,2025,2025-12-07,14,HOU,@,KC,0,Kansas City Chiefs,10,274,148,33,126,29,3,0,2,1,20,268,186,31,82,31,0,0,3,2
68,2025,2025-12-08,14,PHI,@,LAC,0,Philadelphia Eagles,19,365,231,40,134,25,4,1,1,1,22,275,106,26,169,38,1,2,7,3
68,2025,2025-12-08,14,PHI,@,LAC,1,Los Angeles Chargers,22,275,106,26,169,38,1,2,7,1,19,365,231,40,134,25,4,1,1,2
69,2025,2025-12-11,15,ATL,@,TB,1,Atlanta Falcons,29,476,365,44,111,21,0,1,1,4,28,338,250,34,88,22,1,0,5,4
69,2025,2025-12-11,15,ATL,@,TB,0,Tampa Bay Buccaneers,28,338,250,34,88,22,1,0,5,3,29,476,365,44,111,21,0,1,1,4
69,2025,2025-12-14,15,CLE,@,CHI,0,Cleveland Browns,3,192,142,35,50,16,3,0,5,0,31,361,219,28,142,33,0,0,3,4
69,2025,2025-12-14,15,CLE,@,CHI,1,Chicago Bears,31,361,219,28,142,33,0,0,3,4,3,192,142,35,50,16,3,0,5,0
69,2025,2025-12-14,15,BAL,@,CIN,1,Baltimore Ravens,24,317,128,12,189,24,1,0,4,2,0,298,198,39,100,29,2,0,3,0
69,2025,2025-12-14,15,BAL,@,CIN,0,Cincinnati Bengals,0,298,198,39,100,29,2,0,3,0,24,317,128,12,189,24,1,0,4,3
69,2025,2025-12-14,15,ARI,@,HOU,0,Arizona Cardinals,20,307,235,40,72,21,1,1,2,3,40,399,256,29,143,33,0,0,1,5
69,2025,2025-12-14,15,ARI,@,HOU,1,Houston Texans,40,399,256,29,143,33,0,0,1,3,20,307,235,40,72,21,1,1,2,2
69,2025,2025-12-14,15,NYJ,@,JAX,0,New York Jets,20,284,154,33,130,32,3,0,3,2,48,438,330,32,108,27,0,1,0,6
69,2025,2025-12-14,15,NYJ,@,JAX,1,Jacksonville Jaguars,48,438,330,32,108,27,0,1,0,6,20,284,154,33,130,32,3,0,3,2
69,2025,2025-12-14,15,LAC,@,KC,1,Los Angeles Chargers,16,295,201,29,94,29,1,0,4,1,13,239,190,33,49,21,2,0,5,1
69,2025,2025-12-14,15,LAC,@,KC,0,Kansas City Chiefs,13,239,190,33,49,21,2,0,5,1,16,295,201,29,94,29,1,0,4,2
69,2025,2025-12-14,15,BUF,@,NE,1,Buffalo Bills,35,349,181,28,168,37,0,0,2,5,31,385,139,23,246,25,1,0,3,4
69,2025,2025-12-14,15,BUF,@,NE,0,New England Patriots,31,385,139,23,246,25,1,0,3,4,35,349,181,28,168,37,0,0,2,5
69,2025,2025-12-14,15,WAS,@,NYG,1,Washington Commanders,29,340,195,19,145,37,0,2,2,2,21,384,238,37,146,29,1,0,1,3
69,2025,2025-12-14,15,WAS,@,NYG,0,New York Giants,21,384,238,37,146,29,1,0,1,3,29,340,195,19,145,37,0,2,2,4
69,2025,2025-12-14,15,LV,@,PHI,0,Las Vegas Raiders,0,75,29,25,46,13,1,0,4,0,31,387,204,18,183,47,0,0,1,4
69,2025,2025-12-14,15,LV,@,PHI,1,Philadelphia Eagles,31,387,204,18,183,47,0,0,1,4,0,75,29,25,46,13,1,0,4,0
69,2025,2025-12-14,15,GB,@,DEN,0,Green Bay Packers,26,362,247,40,115,20,2,0,3,2,34,391,302,34,89,31,0,1,0,4
69,2025,2025-12-14,15,GB,@,DEN,1,Denver Broncos,34,391,302,34,89,31,0,1,0,5,26,362,247,40,115,20,2,0,3,3
69,2025,2025-12-14,15,CAR,@,NO,0,Carolina Panthers,17,281,154,24,127,31,0,1,1,2,20,337,256,33,81,25,0,0,5,2
69,2025,2025-12-14,15,CAR,@,NO,1,New Orleans Saints,20,337,256,33,81,25,0,0,5,2,17,281,154,24,127,31,0,1,1,2
69,2025,2025-12-14,15,DET,@,LAR,0,Detroit Lions,34,396,326,41,70,20,0,0,1,4,41,519,360,38,159,29,1,0,2,5
69,2025,2025-12-14,15,DET,@,LAR,1,Los Angeles Rams,41,519,360,38,159,29,1,0,2,5,34,396,326,41,70,20,0,0,1,4
69,2025,2025-12-14,15,IND,@,SEA,0,Indianapolis Colts,16,215,118,27,97,30,1,0,1,1,18,314,264,36,50,22,0,0,1,2
69,2025,2025-12-14,15,IND,@,SEA,1,Seattle Seahawks,18,314,264,36,50,22,0,0,1,0,16,215,118,27,97,30,1,0,1,2
69,2025,2025-12-14,15,TEN,@,SF,0,Tennessee Titans,24,306,170,29,136,20,0,0,0,3,37,430,292,30,138,38,0,1,2,5
69,2025,2025-12-14,15,TEN,@,SF,1,San Francisco 49ers,37,430,292,30,138,38,0,1,2,4,24,306,170,29,136,20,0,0,0,3
69,2025,2025-12-14,15,MIN,@,DAL,1,Minnesota Vikings,34,327,250,24,77,28,1,0,0,4,26,423,285,38,138,29,0,0,2,3
69,2025,2025-12-14,15,MIN,@,DAL,0,Dallas Cowboys,26,423,285,38,138,29,0,0,2,2,34,327,250,24,77,28,1,0,0,4
69,2025,2025-12-15,15,MIA,@,PIT,0,Miami Dolphins,15,285,222,28,63,16,1,0,4,2,28,336,201,27,135,32,0,0,3,4
69,2025,2025-12-15,15,MIA,@,PIT,1,Pittsburgh Steelers,28,336,201,27,135,32,0,0,3,4,15,285,222,28,63,16,1,0,4,2
70,2025,2025-12-18,16,LAR,@,SEA,0,Los Angeles Rams,37,581,457,49,124,39,0,0,0,4,38,415,244,34,171,25,2,1,4,5
70,2025,2025-12-18,16,LAR,@,SEA,1,Seattle Seahawks,38,415,244,34,171,25,2,1,4,4,37,581,457,49,124,39,0,0,0,5
70,2025,2025-12-20,16,PHI,@,WAS,1,Philadelphia Eagles,29,385,178,30,207,34,0,1,2,4,18,220,130,23,90,26,1,0,2,2
70,2025,2025-12-20,16,PHI,@,WAS,0,Washington Commanders,18,220,130,23,90,26,1,0,2,2,29,385,178,30,207,34,0,1,2,4
70,2025,2025-12-20,16,GB,@,CHI,0,Green Bay Packers,16,384,192,24,192,44,0,1,2,1,22,400,250,34,150,26,0,0,0,3
70,2025,2025-12-20,16,GB,@,CHI,1,Chicago Bears,22,400,250,34,150,26,0,0,0,2,16,384,192,24,192,44,0,1,2,2
70,2025,2025-12-21,16,TB,@,CAR,0,Tampa Bay Buccaneers,20,296,127,26,169,33,1,0,2,2,23,275,174,32,101,20,0,0,2,3
70,2025,2025-12-21,16,TB,@,CAR,1,Carolina Panthers,23,275,174,32,101,20,0,0,2,2,20,296,127,26,169,33,1,0,2,2
70,2025,2025-12-21,16,BUF,@,CLE,1,Buffalo Bills,23,259,95,19,164,29,0,0,2,3,20,294,134,30,160,31,2,0,3,2
70,2025,2025-12-21,16,BUF,@,CLE,0,Cleveland Browns,20,294,134,30,160,31,2,0,3,2,23,259,95,19,164,29,0,0,2,3
70,2025,2025-12-21,16,LAC,@,DAL,1,Los Angeles Chargers,34,452,300,29,152,33,0,0,0,4,17,340,249,32,91,23,0,1,1,2
70,2025,2025-12-21,16,LAC,@,DAL,0,Dallas Cowboys,17,340,249,32,91,23,0,1,1,2,34,452,300,29,152,33,0,0,0,4
70,2025,2025-12-21,16,CIN,@,MIA,1,Cincinnati Bengals,45,407,302,33,105,26,0,0,2,6,21,389,260,30,129,28,2,1,0,3
70,2025,2025-12-21,16,CIN,@,MIA,0,Miami Dolphins,21,389,260,30,129,28,2,1,0,3,45,407,302,33,105,26,0,0,2,6
70,2025,2025-12-21,16,NYJ,@,NO,0,New York Jets,6,195,131,35,64,20,1,1,8,0,29,412,328,50,84,25,0,1,3,4
70,2025,2025-12-21,16,NYJ,@,NO,1,New Orleans Saints,29,412,328,50,84,25,0,1,3,2,6,195,131,35,64,20,1,1,8,0
70,2025,2025-12-21,16,MIN,@,NYG,1,Minnesota Vikings,16,240,126,23,114,31,1,1,4,1,13,141,13,13,128,30,1,0,5,1
70,2025,2025-12-21,16,MIN,@,NYG,0,New York Giants,13,141,13,13,128,30,1,0,5,0,16,240,126,23,114,31,1,1,4,2
70,2025,2025-12-21,16,KC,@,TEN,0,Kansas City Chiefs,9,133,82,24,51,15,0,0,4,0,26,376,212,28,164,40,0,0,2,3
70,2025,2025-12-21,16,KC,@,TEN,1,Tennessee Titans,26,376,212,28,164,40,0,0,2,3,9,133,82,24,51,15,0,0,4,1
70,2025,2025-12-21,16,ATL,@,ARI,1,Atlanta Falcons,26,342,190,35,152,37,1,1,1,3,19,320,188,31,132,23,1,0,2,2
70,2025,2025-12-21,16,ATL,@,ARI,0,Arizona Cardinals,19,320,188,31,132,23,1,0,2,1,26,342,190,35,152,37,1,1,1,3
70,2025,2025-12-21,16,JAX,@,DEN,1,Jacksonville Jaguars,34,346,265,36,81,27,0,0,5,4,20,445,344,47,101,17,1,1,1,2
70,2025,2025-12-21,16,JAX,@,DEN,0,Denver Broncos,20,445,344,47,101,17,1,1,1,2,34,346,265,36,81,27,0,0,5,4
70,2025,2025-12-21,16,PIT,@,DET,1,Pittsburgh Steelers,29,481,251,41,230,27,0,1,2,3,24,361,346,54,15,12,0,0,3,3
70,2025,2025-12-21,16,PIT,@,DET,0,Detroit Lions,24,361,346,54,15,12,0,0,3,3,29,481,251,41,230,27,0,1,2,4
70,2025,2025-12-21,16,LV,@,HOU,0,Las Vegas Raiders,21,315,170,23,145,27,1,0,3,3,23,270,187,35,83,26,0,0,0,3
70,2025,2025-12-21,16,LV,@,HOU,1,Houston Texans,23,270,187,35,83,26,0,0,0,1,21,315,170,23,145,27,1,0,3,3
70,2025,2025-12-21,16,NE,@,BAL,1,New England Patriots,28,453,374,44,79,23,1,1,4,3,24,330,159,20,171,33,0,2,1,3
70,2025,2025-12-21,16,NE,@,BAL,0,Baltimore Ravens,24,330,159,20,171,33,0,2,1,3,28,453,374,44,79,23,1,1,4,4
70,2025,2025-12-22,16,SF,@,IND,1,San Francisco 49ers,48,440,295,34,145,31,1,0,1,5,27,312,254,36,58,20,1,1,2,3
70,2025,2025-12-22,16,SF,@,IND,0,Indianapolis Colts,27,312,254,36,58,20,1,1,2,3,48,440,295,34,145,31,1,0,1,6
